show_id,type,title,director,cast,country,date_added,release_year,rating,duration,listed_in,description
s5542,Movie,Louis C.K. 2017,Louis C.K.,Louis C.K.,United States,"April 4, 2017",2017,74 min,,Movies,"Louis C.K. muses on religion, eternal love, giving dogs drugs, email fights, teachers and more in a live performance from Washington, D.C."
s5795,Movie,Louis C.K.: Hilarious,Louis C.K.,Louis C.K.,United States,"September 16, 2016",2010,84 min,,Movies,"Emmy-winning comedy writer Louis C.K. brings his caustic wit to Milwaukee, offering up his unique and uncensored take on sex, parenting and more."
s5814,Movie,Louis C.K.: Live at the Comedy Store,Louis C.K.,Louis C.K.,United States,"August 15, 2016",2015,66 min,,Movies,"The comic puts his trademark hilarious/thought-provoking spin on finding a bat in his kitchen, seeing rats having sex, Boston accents and dead pets."
s5990,Movie,13TH: A Conversation with Oprah Winfrey & Ava DuVernay,,"Oprah Winfrey, Ava DuVernay",,"January 26, 2017",2017,,37 min,Movies,"Oprah Winfrey sits down with director Ava DuVernay to discuss her Oscar-nominated film, historical cycles of oppression and the broken prison system."
s6828,TV Show,Gargantia on the Verdurous Planet,,"Kaito Ishikawa, Hisako Kanemoto, Ai Kayano, Kana Asumi, Shizuka Ito, Sayaka Ohara, Katsuyuki Konishi, Yuka Terasaki, Yuki Ono, Tomokazu Sugita, Ayumi Fujimura, Alan Lee, Cassandra Morris, Natalie Hoover, Janice Kawaye, Laura Post, Julie Ann Taylor, Patrick Seitz, Michelle Ruff, Marc Diraison, Matthew Mercer, Karen Strassman",Japan,"December 1, 2016",2013,,1 Season,"Anime Series, International TV Shows","After falling through a wormhole, a space-dwelling teen mecha pilot awakes to find himself amid the inhabitants of a strange planet called ... Earth."
s7313,TV Show,Little Lunch,,"Flynn Curry, Olivia Deeble, Madison Lu, Oisín O'Leary, Faith Seci, Joshua Sitch, Heidi Arena",Australia,"February 1, 2018",2015,,1 Season,"Kids' TV, TV Comedies","Adopting a child's perspective, this show takes a humorous look at what happens during those action-packed 15 minutes of snack time each day."
s7538,Movie,My Honor Was Loyalty,Alessandro Pepe,"Leone Frisa, Paolo Vaccarino, Francesco Migliore, Albrecht Weimer, Giulia Dichiaro, Alessandra Oriti Niosi, Andreas Segeritz",Italy,"March 1, 2017",2015,,115 min,Dramas,"Amid the chaos and horror of World War II, a committed German soldier fights a private battle with his own conscience."
s1,Movie,Dick Johnson Is Dead,Kirsten Johnson,,United States,"September 25, 2021",2020,PG-13,90 min,Documentaries,"As her father nears the end of his life, filmmaker Kirsten Johnson stages his death in inventive and comical ways to help them both face the inevitable."
s18,TV Show,Falsa identidad,,"Luis Ernesto Franco, Camila Sodi, Sergio Goyri, Samadhi Zendejas, Eduardo Yáñez, Sonya Smith, Alejandro Camacho, Azela Robinson, Uriel del Toro, Géraldine Bazán, Gabriela Roel, Marcus Ornellas",Mexico,"September 22, 2021",2020,TV-MA,2 Seasons,"Crime TV Shows, Spanish-Language TV Shows, TV Dramas",Strangers Diego and Isabel flee their home in Mexico and pretend to be a married couple to escape his drug-dealing enemies and her abusive husband.
s35,TV Show,Tayo and Little Wizards,,"Dami Lee, Jason Lee, Bommie Catherine Han, Jennifer Waescher, Nancy Kim",,"September 17, 2021",2020,TV-Y7,1 Season,Kids' TV,Tayo speeds into an adventure when his friends get kidnapped by evil magicians invading their city in search of a magical gemstone.
s52,Movie,InuYasha the Movie 2: The Castle Beyond the Looking Glass,Toshiya Shinohara,"Kappei Yamaguchi, Satsuki Yukino, Mieko Harada, Koji Tsujitani, Houko Kuwashima, Kumiko Watanabe, Noriko Hidaka, Kenichi Ogata, Toshiyuki Morikawa, Izumi Ogami",Japan,"September 15, 2021",2002,TV-14,99 min,"Action & Adventure, Anime Features, International Movies","With their biggest foe seemingly defeated, InuYasha and his friends return to everyday life. But the peace is soon shattered by an emerging new enemy."
s69,Movie,Schumacher,"Hanns-Bruno Kammertöns, Vanessa Nöcker, Michael Wech",Michael Schumacher,,"September 15, 2021",2021,TV-14,113 min,"Documentaries, International Movies, Sports Movies","Through exclusive interviews and archival footage, this documentary traces an intimate portrait of seven-time Formula 1 champion Michael Schumacher."
s86,TV Show,Pokémon Master Journeys: The Series,,"Ikue Otani, Sarah Natochenny, Zeno Robinson, Cherami Leigh, James Carter Cathcart, Michele Knotz, Rodger Parsons, Ray Chase, Casey Mongillo, Tara Sands",,"September 10, 2021",2021,TV-Y7,1 Season,"Anime Series, Kids' TV","As Ash battles his way through the World Coronation Series, Goh continues his quest to catch every Pokémon. Together, they're on a journey to adventure!"
s103,TV Show,Countdown: Inspiration4 Mission to Space,Jason Hehir,,,"September 6, 2021",2021,TV-14,1 Season,"Docuseries, Science & Nature TV","From training to launch to landing, this all-access docuseries rides along with the Inspiration4 crew on the first all-civilian orbital space mission."
s120,Movie,Here and There,JP Habac,"Janine Gutierrez, JC Santos, Victor Anastacio, Yesh Burce, Lotlot De Leon",,"September 2, 2021",2020,TV-MA,99 min,"Dramas, International Movies, Romantic Movies","After meeting through a heated exchange on social media, two people with different backgrounds begin an online romance in the midst of a pandemic."
s137,Movie,Cold Mountain,Anthony Minghella,"Jude Law, Nicole Kidman, Renée Zellweger, Eileen Atkins, Brendan Gleeson, Philip Seymour Hoffman, Natalie Portman, Giovanni Ribisi, Donald Sutherland, Ray Winstone","United States, Italy, Romania, United Kingdom","September 1, 2021",2003,R,154 min,"Dramas, Romantic Movies","This drama follows a wounded Civil War soldier making the long journey home, while his faraway love fights for survival on her deceased father's farm."
s154,TV Show,Kid-E-Cats,,"Lori Gardner, Kate Bristol, Billy Bob Thompson, Marc Thompson, Erica Schroeder",Russia,"September 1, 2021",2016,TV-Y,2 Seasons,Kids' TV,"Cookie, Pudding and Candy are kitten siblings whose favorite things are sweet treats and letting their curiosity lead them on adventures in learning."
s171,Movie,Rhyme & Reason,Peter Spirer,"Too $hort, B-Real, Kurtis Blow, Da Brat, Grandmaster Caz, Sean ""P. Diddy"" Combs, Chuck D., Desiree Densiti, Dr. Dre, E-40, MC Eiht, Heavy D, Lauryn Hill, Ice-T, Wyclef Jean, Ras Kass, KRS-One, L.V., Mack 10, Craig Mack, Method Man, Keith Murray, Nasir 'Nas' Jones, The Notorious B.I.G., Master P, Q-Tip, Raekwon, Redman, Senen Reyes, Busta Rhymes, RZA, DJ Scratch, Erick Sermon, Tupac Shakur, Adario Strange, Suave",United States,"September 1, 2021",1997,R,89 min,"Documentaries, Music & Musicals","The world and culture of rap song topics such as race, violence, police, family and sex are examined by hip-hop performers from both coasts."
s188,TV Show,The Ingenuity of the Househusband,,Kenjiro Tsuda,,"August 29, 2021",2021,TV-G,1 Season,"International TV Shows, TV Comedies",A tough guy with a knack for housework tackles household tasks with meticulous care in these comedic live-action vignettes.
s205,Movie,Kyaa Super Kool Hain Hum,Sachin Yardi,"Tusshar Kapoor, Riteish Deshmukh, Anupam Kher, Rohit Shetty, Neha Sharma, Chunky Pandey, Sarah-Jane Dias, Razak Khan, Kavin Dave",India,"August 27, 2021",2012,TV-MA,136 min,"Comedies, International Movies",An aspiring actor and a struggling DJ team up to pursue the ladies they love and a diamond that rightfully belongs to their oversexed dog.
s222,Movie,"Bob Ross: Happy Accidents, Betrayal & Greed",Joshua Rofé,Bob Ross,,"August 25, 2021",2021,TV-14,93 min,Documentaries,Bob Ross brought joy to millions as the world’s most famous art instructor. But a battle for his business empire cast a shadow over his happy trees.
s239,Movie,Boomika (Malayalam),Rathindran R Prasad,"Aishwarya Rajesh, Vidhu, Surya Ganapathy, Madhuri, Pavel Navageethan, Avantika Vandanapu",,"August 23, 2021",2021,TV-14,122 min,"Horror Movies, International Movies, Thrillers","Paranormal activity at a lush, abandoned property alarms a group eager to redevelop the site, but the eerie events may not be as unearthly as they think."
s256,Movie,Memories of a Murderer: The Nilsen Tapes,Michael Harte,,,"August 18, 2021",2021,TV-MA,86 min,"Documentaries, International Movies",Serial killer Dennis Nilsen narrates his life and horrific crimes via a series of chilling audiotapes recorded from his jail cell.
s273,TV Show,Fast & Furious Spy Racers,,"Tyler Posey, Charlet Chung, Jorge Diaz, Camille Ramsey, Luke Youngblood, Renée Elise Goldsberry",United States,"August 13, 2021",2021,TV-Y7,5 Seasons,Kids' TV,A government agency recruits teen driver Tony Toretto and his thrill-seeking friends to infiltrate a criminal street racing circuit as undercover spies.
s290,TV Show,The Crowned Clown,,"Yeo Jin-goo, Lee Se-young, Kim Sang-kyung, Jung Hye-young, Jang Kwang, Kwon Hae-hyo, Jang Yeong-nam, Lee Kyu-han",South Korea,"August 10, 2021",2019,TV-14,1 Season,"International TV Shows, Romantic TV Shows, TV Dramas","Standing in for an unhinged Joseon king, a look-alike clown plays the part but increasingly becomes devoted to protecting the throne and the people."
s307,Movie,'76,Izu Ojukwu,"Ramsey Nouah, Rita Dominic, Chidi Mokeme, Ibinabo Fiberesima, Daniel K. Daniel, Memry Savanhu, Adonijah Owiriwa, Pat Nebo, Nelly Ekwereogu, Shuaibu Ebenesi Adams, Debo Oguns, Ben Nwosu, Ada Ofoegbu",Nigeria,"August 4, 2021",2016,TV-PG,118 min,"Dramas, International Movies","When her husband is accused of taking part in an attempted military coup, a pregnant woman's life takes an emotional turn. Inspired by true events."
s324,TV Show,30 Rock,,"Tina Fey, Alec Baldwin, Tracy Morgan, Jane Krakowski, Jack McBrayer, Scott Adsit, Judah Friedlander, Katrina Bowden, Keith Powell, Lonny Ross, John Lutz, Kevin Brown, Grizz Chapman, Maulik Pancholy",United States,"August 1, 2021",2012,TV-14,7 Seasons,TV Comedies,Liz Lemon juggles the demands of running an NBC sketch comedy show with trying to fix her disaster of a personal life and eating her night cheese.
s341,Movie,Inception,Christopher Nolan,"Leonardo DiCaprio, Joseph Gordon-Levitt, Elliot Page, Tom Hardy, Ken Watanabe, Dileep Rao, Cillian Murphy, Tom Berenger, Marion Cotillard, Pete Postlethwaite, Michael Caine, Lukas Haas","United States, United Kingdom","August 1, 2021",2010,PG-13,148 min,"Action & Adventure, Sci-Fi & Fantasy, Thrillers",A troubled thief who extracts secrets from people's dreams takes one last job: leading a dangerous mission to plant an idea in a target's subconscious.
s358,Movie,The Machinist,Brad Anderson,"Christian Bale, Jennifer Jason Leigh, Aitana Sánchez-Gijón, John Sharian, Michael Ironside, Lawrence Gilliard Jr., Reg E. Cathey, Anna Massey, Matthew Romero, Robert Long, Colin Stinton, Craig Stevenson","Spain, France, United Kingdom, United States","August 1, 2021",2004,R,102 min,"Dramas, Independent Movies, Thrillers","Haunted and gaunt after a prolonged bout of insomnia, factory worker Trevor Reznik begins to question his sanity amid a series of mysterious events."
s375,Movie,Flower Girl,Michelle Bello,"Damilola Adegbite, Chris Attoh, Chuks Chukwujekwu, Blossom Chukwujekwu, Eku Edewor, Bikiya Graham Douglas",Nigeria,"July 29, 2021",2013,TV-PG,94 min,"Comedies, International Movies, Romantic Movies","When a young florist who's long dreamed of her wedding day gets dumped by her boyfriend, she sets out to win him back with help from a handsome actor."
s392,TV Show,Wynonna Earp,,"Melanie Scrofano, Shamier Anderson, Tim Rozon, Dominique Provost-Chalkley, Michael Eklund, Katherine Barrell, Greg Lawson, Natascha Girgis","Canada, United States","July 26, 2021",2020,TV-MA,4 Seasons,"International TV Shows, TV Action & Adventure, TV Dramas",The outcast descendant of lawman Wyatt Earp teams up with an immortal Doc Holliday to rid the world of demonic revenants from the Wild West.
s409,Movie,Chhota Bheem & Krishna: Mayanagari,Rajiv Chilaka,"Vatsal Dubey, Julie Tejwani, Rupa Bhimani, Jigna Bhardwaj, Rajesh Kava, Mousam, Swapnil",,"July 22, 2021",2011,TV-Y7,67 min,Children & Family Movies,Young lord Krishna has fallen for demoness Maayandri’s revenge plot against him! Can Bheem rescue him and thwart Maayandri’s other destructive plans?
s426,TV Show,Chicago Med,,"Colin Donnell, Torrey DeVitto, Oliver Platt, S. Epatha Merkerson, Nick Gehlfuss, Yaya DaCosta, Laurie Holden",United States,"July 22, 2021",2019,TV-14,5 Seasons,TV Dramas,"The doctors and nurses of Gaffney Chicago Medical Center juggle the busy ER's dramas and dangers in this spinoff of ""Chicago Fire"" and ""Chicago P.D."""
s443,TV Show,Johnny Test,,"James Arnold Taylor, Trevor Devall, Maryke Hendrikse, Emily Tennant","United States, Canada","July 16, 2021",2021,TV-Y7,1 Season,"Kids' TV, TV Comedies","How much trouble could one imaginative boy, his faithful dog and two science-loving sisters possibly get into? Hmm, that sounds like a challenge!"
s460,TV Show,Never Have I Ever,,"Maitreyi Ramakrishnan, Poorna Jagannathan, Richa Moorjani, Jaren Lewison, Darren Barnet, John McEnroe, Ramona Young, Lee Rodriguez, Sendhil Ramamurthy, Adam Shapiro, Niecy Nash, Cocoa Brown, Lily D. Moore, Eddie Liu",United States,"July 15, 2021",2021,TV-14,2 Seasons,"TV Comedies, TV Dramas, Teen TV Shows","After a traumatic year, all an Indian-American teen wants is to go from pariah to popular — but friends, family and feelings won’t make it easy on her."
s477,Movie,The Tour,Juraj Šajmovič,"Miloš Knor, Lukáš Pavlásek, Tomáš Matonoha, Ester Kočičková, Michal Kavalčík, Richard Nedvěd",,"July 10, 2021",2016,TV-MA,93 min,"Comedies, Documentaries, International Movies","Miloš Knor brings comedians Lukáš Pavlásek, Tomáš Matonoha, Ester Kočičková, Michal Kavalčík and Richard Nedvěd on a tour around the Czech Republic."
s494,TV Show,RESIDENT EVIL: Infinite Darkness,,"Nick Apostolides, Stephanie Panisello, Ray Chase, Jona Xiao, Billy Kametz, Joe J. Thomas, Doug Stone, Brad Venable, Toshiyuki Morikawa, Yuhko Kaida, Fumihiko Tachiki, Megumi Han, Kenji Nojima, Kazuhiko Inoue, Aruno Tahara, Mitsuru Ogata","United States, Japan","July 8, 2021",2021,TV-MA,1 Season,"Anime Series, TV Horror, TV Thrillers","Years after the horrors of Raccoon City, Leon and Claire find themselves consumed by a dark conspiracy when a viral attack ravages the White House."
s511,TV Show,Between,,"Jennette McCurdy, Jesse Carere, Ryan Allen, Justin Kelly, Kyle Mac, Jack Murray, Brooke Palsson, Jim Watson, Wesley Morgan, Krystal Hope Nausbaum, Shailene Garnett, Canute Gomes, Sarah Podemski, Shailyn Pierre-Dixon, Jesse Bostick, Steven Grayhm, Percy Hynes White, Mercedes Morris, Samantha Munro",Canada,"July 6, 2021",2016,TV-14,2 Seasons,"International TV Shows, TV Dramas, TV Mysteries","After a mysterious disease kills every resident over 22 years old, survivors of a town must fend for themselves when the government quarantines them."
s528,TV Show,Puffin Rock,,"Chris O'Dowd, Kate McCafferty, Sally McDaid, Geraldine Cole, Brian McMonagle, Darragh Gargan","Ireland, United States, United Kingdom","July 6, 2021",2016,TV-Y,2 Seasons,Kids' TV,"Life is sweet on beautiful Puffin Rock, where puffling Oona, her baby brother Baba and their pals learn about nature, friendship and family."
s545,TV Show,Workin' Moms,,"Catherine Reitman, Dani Kind, Juno Rinaldi, Jessalyn Wanlim, Philip Sternberg, Ryan Belleville, Olunike Adeliyi, Dennis Andres, Katherine Barrell, Sarah McVie, Peter Keleghan",Canada,"July 6, 2021",2021,TV-MA,5 Seasons,"International TV Shows, TV Comedies","Maternity leave is over and it's time for these four moms to return to work while navigating kids, bosses, love and life in modern-day Toronto."
s562,Movie,Austin Powers in Goldmember,Jay Roach,"Mike Myers, Beyoncé Knowles-Carter, Seth Green, Michael York, Robert Wagner, Mindy Sterling, Verne Troyer, Michael Caine, Fred Savage",United States,"July 1, 2021",2002,PG-13,94 min,"Action & Adventure, Comedies","The world's most shagadelic spy continues his fight against the diabolical Dr. Evil, who's teamed with a new foe: 1970s villain Goldmember."
s579,Movie,Memoirs of a Geisha,Rob Marshall,"Zhang Ziyi, Ken Watanabe, Koji Yakusho, Michelle Yeoh, Kaori Momoi, Youki Kudoh, Gong Li, Cary-Hiroyuki Tagawa, Mako Iwamatsu, Navia Nguyen, Karl Yune","France, Japan, United States","July 1, 2021",2005,PG-13,145 min,"Dramas, Romantic Movies","Sold to a geisha house as a child, a fisherman’s daughter becomes the most sought-after geisha in Kyoto, but rivalries threaten the destiny she desires."
s596,Movie,Stuart Little,Rob Minkoff,"Michael J. Fox, Jonathan Lipnicki, Geena Davis, Hugh Laurie, Nathan Lane","Germany, United States","July 1, 2021",1999,PG,85 min,"Children & Family Movies, Comedies","When his parents adopt a mouse instead of a little boy, George realizes brothers come in all shapes and sizes. But Snowbell the cat is not so welcoming."
s613,Movie,Underworld: Rise of the Lycans,Patrick Tatopoulos,"Michael Sheen, Bill Nighy, Rhona Mitra, Steven Mackintosh, Kevin Grevioux, David Aston, Geraldine Brophy, Leighton Cardno, Alex Carroll, Elizabeth Hawthorne, Jason Hood","United States, New Zealand","July 1, 2021",2009,R,92 min,"Action & Adventure, Horror Movies, Sci-Fi & Fantasy","Set in the year 1402, this prequel follows Lucian, the first werewolf to take human form, and chronicles the feud between the vampires and the Lycans."
s630,Movie,A Way Back Home,B. T Thomas,"Alexx Ekubo, Ik Ogbonna, Bimbo Manuel, Haillie Sumney, Clem Ohameze, John Fashanu, Damilola Ogunsi, Amb. Rachel Bakam, Alexandra Ayo, Mariah Ug",,"June 28, 2021",2020,TV-14,82 min,"Dramas, International Movies","After receiving a terminal diagnosis, a man fakes an accident to spare his family’s grief and must deal with the fallout of his deception."
s647,Movie,The House of Flowers: The Movie,Manolo Caro,"Cecilia Suárez, Aislinn Derbez, Darío Yazbek, Juan Pablo Medina, Paco León, Angélica María, Norma Angélica, Luis De La Rosa, Isabel Burr, Tiago Correa, Tessa Ia, Christian Chávez, Javier Jattin, Paco Rueda, Emilio Cuaik, Andrea Chaparro, David Ostrosky, Ximena Sariñana",,"June 23, 2021",2021,TV-MA,88 min,"Comedies, International Movies, Music & Musicals",The De La Mora siblings concoct a mischievous plan to break into their old family home to retrieve a hidden treasure of significant importance.
s664,TV Show,Charité at War,,"Mala Emde, Ulrich Noethen, Jannik Schümann, Artjom Gilz, Luise Wolfram, Jacob Matschenz, Frida-Lovisa Hamann, Lukas Miko, Susanne Böwe",,"June 19, 2021",2019,TV-MA,1 Season,"International TV Shows, TV Dramas","In 1943, the staff at Berlin's Charité hospital struggle against the effects of World War II and the Nazi regime, including eugenic medical practices."
s681,TV Show,The Last Dance,,"Michael Jordan, Scottie Pippen, Dennis Rodman",United States,"June 19, 2021",2020,TV-MA,1 Season,Docuseries,"This docuseries gives a definitive account of Michael Jordan’s career and the 1990s Chicago Bulls, packed with unaired footage from the 1997-98 season."
s698,TV Show,Elite Short Stories: Carla Samuel,,"Ester Expósito, Itzan Escamilla",,"June 17, 2021",2021,TV-MA,1 Season,"International TV Shows, Romantic TV Shows, Spanish-Language TV Shows","Samuel attempts a big, romantic gesture at the airport in order to persuade Carla not to board her flight to London."
s715,TV Show,Beyond Evil,,"Shin Ha-kyun, Yeo Jin-goo, Choi Dae-hoon, Choi Sung-eun, Cheon Ho-jin, Choi Jin-ho",,"June 15, 2021",2021,TV-MA,1 Season,"Crime TV Shows, International TV Shows, TV Thrillers","As a killing resembling a cold case resurfaces in a small town, the chase for the truth falls on two policemen who each harbor secrets of their own."
s732,TV Show,Love (ft. Marriage and Divorce),,"Sung Hoon, Lee Tae-gon, Park Joo-mi, Lee Ga-ryoung, Lee Min-young, Jeon No-min, Jeon Soo-kyeong, Lim Hye-young, Song Ji-in, Moon Sung-ho, Roh Joo-hyun, Kim Ameliia, Kim Eung-soo, Lee Jong-nam, Lee Hyo-chun, Jun Hye-won, Lim Han-bin, Park Seo-kyung, Shin Su-ho, Yun Seo-hyun",South Korea,"June 12, 2021",2021,TV-14,2 Seasons,"International TV Shows, TV Dramas","Everything comes unraveling for three successful women who work on a radio show as twists, turns and troubles plague their seemingly happy marriages."
s749,TV Show,"Fresh, Fried & Crispy",,,United States,"June 9, 2021",2021,TV-PG,1 Season,Reality TV,"Passionate about food and ready for fun, critic Daym Drops drops in on America's smokin' hot spots for the best, freshest takes on fried food."
s766,Movie,Xtreme,Daniel Benmayor,"Teo García, Óscar Jaenada, Óscar Casas, Andrea Duro, Sergio Peris-Mencheta, Alberto Jo Lee, Luis Zahera, Andrés Herrera, Nao Albet, César Bandera, Isa Montalbán",Spain,"June 4, 2021",2021,TV-MA,112 min,"Action & Adventure, International Movies","In this fast-paced and action-packed thriller, a retired hitman — along with his sister and a troubled teen — takes revenge on his lethal stepbrother."
s783,Movie,Bliss,Lance Young,"Craig Sheffer, Sheryl Lee, Terence Stamp, Casey Siemaszko, Spalding Gray, Lois Chiles, Blu Mankuma, Ken Camroux-Taylor, Eli Gabay, Molly Parker","Canada, United States","June 2, 2021",1997,R,103 min,"Dramas, Romantic Movies","Two young newlyweds seek out the help of unlicensed sex therapist Baltazar, who initiates the couple into the mysteries of tantric sex."
s800,Movie,Million Dollar Baby,Clint Eastwood,"Clint Eastwood, Hilary Swank, Morgan Freeman, Anthony Mackie, Jay Baruchel, Mike Colter, Lucia Rijker, Brían F. O'Byrne, Margo Martindale, Riki Lindhome",United States,"June 2, 2021",2004,PG-13,133 min,"Dramas, Sports Movies","When a cantankerous trainer mentors a persistent amateur boxer determined to go pro, deep-seated emotions become their strongest opponents."
s817,Movie,The Interpreter,Sydney Pollack,"Nicole Kidman, Sean Penn, Catherine Keener, Jesper Christensen, Yvan Attal, Earl Cameron, George Harris, Michael Wright, Clyde Kusatsu, Eric Keenleyside, Hugo Speer","United Kingdom, France, Germany, United States","June 2, 2021",2005,PG-13,128 min,Thrillers,Silvia Broome is a translator at the United Nations. But her job turns perilous when she overhears a plot to assassinate a government official.
s834,TV Show,Black Space,,"Guri Alfi, Shai Avivi, Assi Levy, Reut Alush, Meirav Shirom, Yoav Rotman, Liana Ayoun, Noam Karmeli, Hadas Jade Sakori, Yehonatan Vilozny, Gily Itskovitch, Oneg Efron, Suzanna Papian, Ori Biton, Nir Hasdai, Leib Lev Levin, Eyal Shikratzi",Israel,"May 27, 2021",2021,TV-MA,1 Season,"Crime TV Shows, International TV Shows, TV Dramas",A rogue detective with unorthodox means leads an investigation into a massacre committed by unicorn mask-wearing assassins at an Israeli high school.
s851,Movie,99 Songs,Vishwesh Krishnamoorthy,"Ehan Bhat, Edilsy Vargas, Manisha Koirala, Lisa Ray, Tenzin Dalha, Warina Hussain, Ranjit Barot, Neel Tyagi, Rahul Ram, Diwakar Pundir",India,"May 21, 2021",2021,TV-14,131 min,"Dramas, International Movies, Music & Musicals","Challenged to compose 100 songs before he can marry the girl he loves, a tortured but passionate singer-songwriter embarks on a poignant musical journey."
s868,Movie,The Last Days,James Moll,,United States,"May 19, 2021",1998,PG-13,87 min,Documentaries,This Oscar-winning documentary recounts the harrowing stories of five Hungarian Jews who endured the horrors of the Holocaust and Hitler's reign.
s885,TV Show,Move to Heaven,,"Lee Je-hoon, Tang Jun-sang, Hong Seung-hee, Ji Jin-hee, Lim Won-hee, Choi Soo-young",South Korea,"May 14, 2021",2021,TV-MA,1 Season,"International TV Shows, TV Dramas","Finding life in all that’s left behind, a detail-oriented trauma cleaner and his estranged uncle deliver untold stories of the departed to loved ones."
s902,Movie,Deadly Switch,Svetlana Cvetko,"Teri Polo, Dylan Walsh, Danika Yarosh, Hayley McLaughlin, Bryce Durfee, Matt Passmore, Heather Mazur, Ashlyn Pearce",United States,"May 10, 2021",2019,TV-PG,86 min,"Independent Movies, Thrillers","In this indie thriller, a foreign exchange student moves in with her roommate's family who grieves over the daughter they would do anything to get back."
s919,TV Show,Lava Ka Dhaava,,"Jaaved Jaaferi, Rutledge Wood",India,"May 5, 2021",2021,TV-PG,1 Season,Reality TV,Actor Jaaved Jaafferi brings his signature humor to this Hindi dubbing of the show where teams creatively navigate rooms flooded with make-believe lava.
s936,Movie,Madagascar 3: Europe's Most Wanted,"Eric Darnell, Tom McGrath, Conrad Vernon","Ben Stiller, Chris Rock, David Schwimmer, Jada Pinkett Smith, Sacha Baron Cohen, Cedric the Entertainer, Andy Richter, Tom McGrath, Frances McDormand, Jessica Chastain, Bryan Cranston, Martin Short",United States,"May 1, 2021",2012,PG,96 min,"Children & Family Movies, Comedies","Next stop: New York! But to get back home, Alex and friends must hitch a ride with a traveling European circus and evade an evil animal-control officer."
s953,Movie,The Whole Nine Yards,Jonathan Lynn,"Bruce Willis, Matthew Perry, Rosanna Arquette, Michael Clarke Duncan, Natasha Henstridge, Amanda Peet, Kevin Pollak, Harland Williams, Carmen Ferland, Serge Christianssens",United States,"May 1, 2021",2000,R,99 min,"Action & Adventure, Comedies",An unhappily married dentist becomes mixed up with mobsters and murder plots when he discovers that a notorious hit man has moved in next door.
s970,Movie,August: Osage County,John Wells,"Meryl Streep, Julia Roberts, Chris Cooper, Ewan McGregor, Margo Martindale, Sam Shepard, Dermot Mulroney, Julianne Nicholson, Juliette Lewis, Abigail Breslin, Benedict Cumberbatch, Misty Upham",United States,"April 27, 2021",2014,R,121 min,Dramas,"When their father disappears, three strong-willed women return to their childhood home and to their equally strong-willed mother."
s987,Movie,Kocan Kadar Konus 2: Dirilis,Kıvanç Baruönü,"Ezgi Mola, Murat Yıldırım, Gülenay Kalkan, Nevra Serezli, Eda Ece",Turkey,"April 23, 2021",2016,TV-14,104 min,"Comedies, International Movies, Romantic Movies","Efsun has found Mr. Right in Sinan, and their relationship is taking a serious turn. But their eccentric families quickly complicate the romance."
s1004,TV Show,Zero,,"Giuseppe Dave Seke, Haroun Fall, Beatrice Grannò, Dylan Magon, Daniela Scattolin, Madior Fall, Virgina Diop",Italy,"April 21, 2021",2021,TV-MA,1 Season,"International TV Shows, TV Comedies, TV Dramas","A shy teen with the power to turn invisible must get it under control to help defend his neighborhood, putting aside the pursuit of his artistic dream."
s1021,Movie,Madness in the Desert,Satyajit Bhatkal,"Aamir Khan, Ashutosh Gowariker",India,"April 17, 2021",2004,TV-14,141 min,"Documentaries, International Movies","The story of making ""Lagaan,"" one of the millennium's seminal Indian films, is told from the point of view of production team member Satyajit Bhatkal."
s1038,Movie,Tuesdays & Fridays,Taranveer Singh,"Anmol Thakeria Dhillon, Jhataleka, Niki Walia, Kamini Khanna, Zoa Morani, Nayan Shukla, Eklavyey Kashyap, Reem Shaikh",India,"April 16, 2021",2021,TV-14,106 min,"Comedies, Dramas, International Movies","To avoid the burden of commitment, a young lawyer and a writer agree to be romantic partners only two days a week. That won’t get complicated — right?"
s1055,Movie,Wave of Cinema: One Day We'll Talk About Today,Adriano Rudiman,"Isyana Sarasvati, Kunto Aji, Sisir Tanah, Chiki Fawzi, ARAH, Hindia, Ardhito Pramono, Rio Dewanto, Angga Dwimas Sasongko, Rachel Amanda",,"April 15, 2021",2020,TV-14,71 min,"Documentaries, International Movies, Music & Musicals","Delve into a musical concert and relive moments from ""One Day We'll Talk About Today,"" a film about family and intergenerational trauma."
s1072,Movie,Motu Patlu in Hong Kong: Kung Fu Kings 3,Suhas Kadav,"Saurav Chakraborty, Sankalp Rastogi, Anamaya Varma, Aditya Raaj, Manoj Pandey",,"April 13, 2021",2017,TV-Y7,84 min,"Children & Family Movies, Music & Musicals","With a dangerous villain to defeat in Hong Kong, Motu takes his martial arts skills to the next level, training with a boneless master to face the foe."
s1089,Movie,Thunder Force,Ben Falcone,"Melissa McCarthy, Octavia Spencer, Jason Bateman, Bobby Cannavale, Pom Klementieff, Melissa Leo, Taylor Mosby, Marcella Lowery, Melissa Ponzio",United States,"April 9, 2021",2021,PG-13,107 min,"Action & Adventure, Comedies",Two childhood best friends reunite as an unlikely crime-fighting superhero duo when one invents a formula that gives ordinary people superpowers.
s1106,Movie,Concrete Cowboy,Ricky Staub,"Idris Elba, Caleb McLaughlin, Jharrel Jerome, Byron Bowers, Lorraine Toussaint, Method Man, Ivannah Mercedes, Jamil Prattis, Liz Priestley","United Kingdom, United States","April 2, 2021",2021,R,112 min,"Dramas, Independent Movies","Sent to live with his estranged father for the summer, a rebellious teen finds kinship in a tight-knit Philadelphia community of Black cowboys."
s1123,Movie,Madam Chief Minister,Subhash Kapoor,"Richa Chadda, Saurabh Shukla, Manav Kaul, Shubrajyoti Barat, Akshay Oberoi, Boloram Das, Nikhil Vijay, Raviza Chauhan",India,"April 1, 2021",2020,TV-14,121 min,"Dramas, International Movies","Rising from disadvantage to become a state leader, a tenacious politician learns that with great power comes great responsibility, ruthlessness and risk."
s1140,Movie,The Stepfather,Nelson McCormick,"Dylan Walsh, Sela Ward, Penn Badgley, Amber Heard, Sherry Stringfield, Paige Turco, Jon Tenney, Nancy Linehan Charles, Marcuis Harris, Braeden Lemasters, Deirdre Lovejoy",United States,"April 1, 2021",2009,PG-13,102 min,"Horror Movies, Thrillers",A series of mysterious events makes a teenager suspect that his mother's new boyfriend may be a dangerous serial killer known for preying on families.
s1157,Movie,A Week Away,Roman White,"Kevin Quinn, Bailee Madison, Jahbril Cook, Kat Conner Sterling, Sherri Shepherd, David Koechner, Iain Tucker, Amy Grant",United States,"March 26, 2021",2021,TV-PG,98 min,"Children & Family Movies, Faith & Spirituality, Music & Musicals","In this uplifting musical, a troubled teen takes a leap of faith by attending summer camp — and unexpectedly finds love, friends and a place to belong."
s1174,TV Show,Men on a Mission,Jung-ah Im,"Ho-dong Kang, Soo-geun Lee, Sang-min Lee, Young-chul Kim, Jang-hoon Seo, Hee-chul Kim, Kyung-hoon Min",South Korea,"March 23, 2021",2021,TV-14,6 Seasons,"International TV Shows, Korean TV Shows, Stand-Up Comedy & Talk Shows","Male celebs play make-believe as high schoolers, welcoming star transfer students every week and engaging in battles of witty humor and slapstick."
s1191,Movie,Skylines,Liam O'Donnell,"Lindsey Morgan, Jonathan Howard, Daniel Bernhardt, Rhona Mitra, James Cosmo, Yayan Ruhian, Alexander Siddig, Cha-Lee Yoon, Ieva Andrejevaite, Jeremy Fitzgerald","United Kingdom, United States","March 18, 2021",2020,R,113 min,Action & Adventure,"When a mysterious alien virus begins to endanger humanity, an elite team of soldiers launches into space to end the threat for good."
s1208,Movie,Audrey,Helena Coan,Audrey Hepburn,,"March 14, 2021",2020,TV-14,101 min,Documentaries,"An intimate portrait of legendary Hollywood actress, fashion icon and humanitarian Audrey Hepburn, who stood for love above all else."
s1225,TV Show,Last Chance U: Basketball,,,,"March 10, 2021",2021,TV-MA,1 Season,Docuseries,“Last Chance U” hits the hardwood in East Los Angeles as a coach with strong convictions leads young men who hope to fulfill major college potential.
s1242,Movie,Moxie,Amy Poehler,"Hadley Robinson, Lauren Tsai, Patrick Schwarzenegger, Nico Hiraga, Sydney Park, Josephine Langford, Clark Gregg, Josie Totah, Alycia  Pascual-Peña, Anjelika Washington, Charlie Hall, Sabrina Haskett, Ike Barinholtz, Amy Poehler, Marcia Gay Harden",United States,"March 3, 2021",2021,PG-13,112 min,"Comedies, Dramas, Music & Musicals","Inspired by her mom's rebellious past and a confident new friend, a shy 16-year-old publishes an anonymous zine calling out sexism at her school."
s1259,Movie,Bigfoot Family,"Jérémie Degruson, Ben Stassen","Jules Wojciechowski, Roger Craig Smith, Grant George, David Lodge, Lindsey Alena, Sandy Fox, Joey Lotsko","Belgium, France","February 26, 2021",2021,TV-Y7,88 min,"Children & Family Movies, Comedies","Bigfoot’s now a big deal. So when he goes missing, his shy but tech-savvy teen son must take on an evil CEO to save his family and a wildlife preserve."
s1276,TV Show,Ginny & Georgia,,"Brianne Howey, Antonia Gentry, Diesel La Torraca, Jennifer Robertson, Felix Mallard, Sara Waisglass, Scott Porter, Raymond Ablack",United States,"February 24, 2021",2021,TV-14,1 Season,"Romantic TV Shows, TV Comedies, TV Dramas","Free-spirited Georgia and her two kids, Ginny and Austin, move north in search of a fresh start but find that the road to new beginnings can be bumpy."
s1293,Movie,Perú: Tesoro escondido,Luis Ara,,Uruguay,"February 19, 2021",2017,TV-PG,76 min,"Documentaries, International Movies","It's a country steeped in cultural traditions that stretch back more than 1,000 years. But Peru is also a land of surprising natural riches."
s1310,Movie,"My Teacher, My Obsession",Damián Romay,"Lucy Loken, Laura Bilgeri, Rusty Joiner, Alexandria Deberry, Dakota Bruton, Theresa Sutera, Vin Morreale Jr., Shelby Alicea, Tyler Joseph Campbell, Lestonja Diaz",United States,"February 15, 2021",2018,TV-14,86 min,Thrillers,"When Riley changed schools, she didn't expect the girls to crush on her English teacher dad. And he didn't expect a disturbing infatuation."
s1327,Movie,Squared Love,Filip Zylber,"Adrianna Chlebicka, Mateusz Banasiuk, Agnieszka Żulewska, Krzysztof Czeczot, Mirosław Baka, Tomasz Karolak, Bartłomiej Kotschedoff, Jacek Knap, Anna Smołowik, Helena Mazur, Sebastian Stankiewicz",Poland,"February 11, 2021",2021,TV-14,102 min,"Comedies, International Movies, Romantic Movies",A celebrity journalist and renowned womanizer starts to rethink his life choices after he falls for a mysterious model who leads a double life.
s1344,Movie,"Strip Down, Rise Up",Michèle Ohayon,,United States,"February 5, 2021",2021,R,113 min,Documentaries,"In an effort to reclaim their bodies and lives, a group of women explore the intersections of movement and meaning in a powerful pole dancing program."
s1361,TV Show,The House Arrest of Us,Richard Arellano,"Daniel Padilla, Kathryn Bernardo, Herbert Bautista, Ruffa Gutierrez, Gardo Versoza, Arlene Muhlach, Arlene Muchlach, Dennis Padilla, Riva Quenery, Anthony Jennings, Alora Sasam, Huybs Azarcon",Philippines,"February 1, 2021",2020,TV-MA,1 Season,"International TV Shows, Romantic TV Shows, TV Comedies",A couple decides to make their engagement official by honoring tradition when a pandemic forces them and their families to quarantine under one roof.
s1378,TV Show,Outlander,,"Caitriona Balfe, Sam Heughan, Tobias Menzies, Gary Lewis, Graham McTavish, Lotte Verbeek, Duncan Lacroix, Laura Donnelly, Bill Paterson, Stephen Walters, Grant O'Rourke, Simon Callow, Richard Rankin, Sophie Skelton, David Berry, Romann Berrux, Ed Speleers, Maria Doyle Kennedy, Tim Downie",United States,"January 27, 2021",2018,TV-MA,4 Seasons,"Romantic TV Shows, TV Action & Adventure, TV Dramas",This epic tale adapted from Diana Gabaldon's popular series of fantasy-romance novels focuses on the drama of two time-crossed lovers.
s1395,TV Show,Spycraft,,,United States,"January 20, 2021",2021,TV-MA,1 Season,"Docuseries, Science & Nature TV","The spy game is a serious business, and throughout history, the tools and technologies developed for it have mattered as much as the spies themselves."
s1412,Movie,What Would Sophia Loren Do?,Ross Kauffman,"Nancy ""Vincenza Careri"" Kulik, Sophia Loren",United States,"January 15, 2021",2021,TV-14,32 min,Documentaries,"In this delightful short documentary, an Italian American grandmother and film buff finds strength and joy in the life of her screen idol, Sophia Loren."
s1429,Movie,Is Love Enough? Sir,Rohena Gera,"Tillotama Shome, Vivek Gomber, Geetanjali Kulkarni, Rahul Vohra, Divya Seth, Chandrachoor Rai, Dilnaz Irani, Bhagyashree Pandit, Anupriya Goenka, Rashi Mal","India, France","January 8, 2021",2018,TV-MA,99 min,"Dramas, Independent Movies, International Movies","A young widow is hired as the domestic helper for a wealthy architect, but social divides come to the fore as an unlikely attraction grows between them."
s1446,Movie,Asphalt Burning,Hallvard Bræin,"Anders Baasmo, Kathrine Thorborg Johansen, Ida Husøy, Otto Jespersen, Sven Nordin, Trond Halbo, Alexandra Maria Lara, Wenche Myhre, Kostja Ullmann, Björn Kjellman",Norway,"January 2, 2021",2020,TV-14,101 min,"Action & Adventure, Comedies, International Movies","When the brakes slam on his wedding, Roy accepts a challenge from a new foe to race for his runaway bride at the iconic Nürburgring track in Germany."
s1463,TV Show,Running Man,,"Kim Seo-yeong, Um Sang-hyun, Kwon Changwook, Kim Yeon-woo, Kang Shi-hyun, Jeon Tae-yeol, Nam Do-hyeong, Park No-sik",,"January 1, 2021",2020,TV-Y7,1 Season,"Kids' TV, TV Comedies","Wanting to bring home the ultimate prize, a group of competitors gather for a championship — and discover both friends and enemies as they play!"
s1480,TV Show,SanPa: Sins of the Savior,Cosima Spender,,Italy,"December 30, 2020",2020,TV-MA,1 Season,"Crime TV Shows, Docuseries, International TV Shows","Amidst a heroin crisis, Vincenzo Muccioli cared for the addicted, earning him fierce public devotion — even as charges of violence began to mount."
s1497,Movie,Cemara's Family,Yandy Laurens,"Ringgo Agus Rahman, Nirina Zubir, Zara JKT48, Widuri Puteri, Ariyo Wahab, Asri Welas, Abdurrahman Arif, Kafin Sulthan",Indonesia,"December 24, 2020",2018,TV-G,110 min,"Children & Family Movies, Dramas, International Movies","After bankruptcy, Abah and Emak must adapt to a new life with their children in a remote village."
s1514,Movie,Atlas Shrugged: Part II,John Putch,"Samantha Mathis, Jason Beghe, Esai Morales, Patrick Fabian, Kim Rhodes, Richard T. Jones, D.B. Sweeney, Paul McCrane, John Rubinstein, Robert Picardo",United States,"December 19, 2020",2012,PG-13,112 min,Dramas,"With the world's economy in dire straits, corporate protagonist Dagny Taggart searches for a solution amid the rubble of a long-abandoned factory."
s1531,TV Show,Schulz Saves America,Alexx Media,Andrew Schulz,United States,"December 17, 2020",2020,TV-MA,1 Season,"Stand-Up Comedy & Talk Shows, TV Comedies",Comedian Andrew Schulz takes on the year's most divisive topics in this fearlessly unfiltered and irreverent four-part special.
s1548,TV Show,Teen Mom 2,,"Jenelle Evans, Chelsea Houska, Kailyn Lowry, Leah Messer",United States,"December 15, 2020",2011,TV-14,2 Seasons,Reality TV,"The highs and lows of new parenting and adulting create drama and heartbreak as life moves on for the cast of ""16 and Pregnant"" Season 2."
s1565,TV Show,Futmalls.com,Lai Chun-yu,"Bryan Chang, Eugenie Liu, Bruce He, Ivy Shao, Allison Lin, River Huang, Ting Chun-cheng, Wang Ko-yuan, Phoebe Huang, Chu Chung-heng, Wu Chien-ho, Camille Chalons",,"December 10, 2020",2020,TV-14,1 Season,"Crime TV Shows, International TV Shows, TV Dramas",Strange occurrences afflict a group of people after they purchase items on a shopping website from the future.
s1582,Movie,Super Monsters: Santa’s Super Monster Helpers,Steve Ball,"Elyse Maloway, Vincent Tong, Erin Mathews, Andrea Libman, Alessandro Juliani, Nicole Anthony, Diana Kaarina, Gigi Saul Guerrero, Rukiya Bernard, Asia Mattu, Elicia MacKenzie",,"December 8, 2020",2020,TV-Y,24 min,Children & Family Movies,"When Santa needs serious help prepping all of his presents, the Super Monsters lend a hand — and some monster magic — to get every gift out on time!"
s1599,Movie,Between Maybes,Jason Paul Laxamana,"Gerald Anderson, Julia Barretto, Yayo Aguila, Christian Vazquez",Philippines,"December 3, 2020",2019,TV-14,108 min,"Dramas, International Movies, Romantic Movies","A former actress takes a trip to Japan, where she meets a young man who provides an escape from reality and makes her consider a different way of life."
s1616,TV Show,Ink Master,,"Dave Navarro, Chris Nuñez, Oliver Peck",United States,"December 1, 2020",2012,TV-14,2 Seasons,Reality TV,"Ten of the country's most skilled tattoo artists compete for $100,000 and the title of Ink Master in this high-stakes elimination competition."
s1633,Movie,Spookley and the Christmas Kittens,Bernie Denk,"Vlasta Vrana, Sonja Ball, Craig Francis, Richard C. Jones, Michael Perron, Terrence Scammell, Bruce Dinsmore, Jennifer Seguin, Daniel Brochu",United States,"November 30, 2020",2019,TV-Y,45 min,Children & Family Movies,"When a green cat and three stray kittens wind up at Holiday Hill Farm, Spookley the Square Pumpkin and his friends help the felines find their way home."
s1650,TV Show,Great Pretender,,"Chiaki Kobayashi, Junichi Suwabe, Natsumi Fujiwara, Mie Sonozaki",Japan,"November 25, 2020",2020,TV-MA,2 Seasons,"Anime Series, Crime TV Shows, International TV Shows","Supposedly Japan's greatest swindler, Makoto Edamura gets more than he bargained for when he tries to con Laurent Thierry, a real world-class crook."
s1667,Movie,Alien Xmas,Stephen Chiodo,"Keythe Farley, Dee Bradley Baker, Kaliayh Rhambo, Michelle Deco, Barbara Goodson",United States,"November 20, 2020",2020,TV-Y,42 min,Children & Family Movies,"A young elf mistakes a tiny alien for a Christmas gift, not knowing her new plaything has plans to destroy Earth's gravity — and steal all the presents."
s1684,Movie,Well Done Abba,Shyam Benegal,"Boman Irani, Minissha Lamba, Sammir Dattani, Ila Arun, Ravi Kishan, Sonali Kulkarni, Rajit Kapoor, Ravi Jhankal, Yashpal Sharma, Rajendra Gupta",India,"November 19, 2020",2009,TV-14,135 min,"Comedies, International Movies","On leave in his drought-ridden village to find his daughter a husband, a father becomes mired in the bribery-laced bureaucracy of his local government."
s1701,Movie,Killer Cove,Damián Romay,"Haley Webb, Donny Boaz, Cathy Baron, Jason Alan Smith, Dennis Staroselsky, Owen Miller, Shawn Fitzgibbon",United States,"November 14, 2020",2019,TV-14,87 min,Thrillers,"An unlucky woman finds a solution for her hateful ex, a trying job hunt and a stalker through a charming P.I. – only to endure a new set of problems."
s1718,TV Show,The Liberator,,"Bradley James, Martin Sensmeier, Jose Miguel Vasquez, Forrest Goodluck, Bryan Hibbard, Matt Mercurio, Harrison Stone, Billy Breed, Tatanka Means, Kiowa Gordon",United States,"November 11, 2020",2020,TV-MA,1 Season,"TV Action & Adventure, TV Dramas","A diverse, deeply brave crew of ragtag soldiers become some of the most heroic fighters of the European invasion in World War II. Based on true events."
s1735,Movie,Midnight at the Magnolia,Maxwell McGuire,"Natalie Hall, Evan Williams, Michael Gordon Shore, Steve Cumyn, Albert Brooks",Canada,"November 5, 2020",2020,TV-G,87 min,"Comedies, Romantic Movies",Longtime friends and local radio hosts Maggie and Jack fake it as a couple for their families and listeners in hopes of getting their show syndicated.
s1752,Movie,Elf Pets: A Fox Cub’s Christmas Tale,Chanda Bell,"Leslie Bellair, Brad Hyland, Brody Rose, Carol Aebersold",United States,"November 1, 2020",2020,TV-Y,28 min,Children & Family Movies,An elite team of elves – and their furry fox cub friends – help bring the Christmas spirit to a boy whose mom may not make it home for the holidays.
s1769,Movie,The Next Karate Kid,Christopher Cain,"Pat Morita, Hilary Swank, Michael Ironside, Constance Towers, Chris Conrad, Arsenio ""Sonny"" Trinidad, Michael Cavalieri, Walton Goggins",United States,"November 1, 2020",1994,PG,107 min,"Action & Adventure, Dramas, Sports Movies","In Boston, karate master Mr. Miyagi finds a new pupil in troubled teen Julie Pierce when she gets bullied by a group of relentless classmates."
s1786,Movie,Holidate,John Whitesell,"Emma Roberts, Luke Bracey, Kristin Chenoweth, Frances Fisher, Jessica Capshaw, Andrew Bachelor, Cynthy Wu, Alex Moffat, Manish Dayal",United States,"October 28, 2020",2020,TV-MA,105 min,"Comedies, Romantic Movies","Fed up with being single on holidays, two strangers agree to be each other's platonic plus-ones all year long, only to catch real feelings along the way."
s1803,Movie,Shattered Memories,Chris Sivertson,"Elizabeth Bogush, Brad Schmidt, Sarah Lind, Eddie Kaye Thomas, Phillip Boyd, Victoria Barabas, Mark Famiglietti, Walker Borba, Meg DeLacy",United States,"October 23, 2020",2018,TV-14,86 min,"Dramas, Thrillers","When her former lover's mysteriously murdered, a woman must clear her name – and avoid the killer."
s1820,Movie,Ghadi,Amin Dora,"Georges Khabbaz, Lara Rain, Emmanuel Khairallah, Samir Youssef, Camille Salameh, Rodrigue Sleiman, Caroline Labaki, Giselle Boueiz, Christine Choueiri",Lebanon,"October 19, 2020",2013,TV-MA,101 min,"Comedies, Dramas, International Movies","When the father of a boy with Down syndrome resists his neighbors' efforts to have the child institutionalized, miraculous events begin to occur."
s1837,Movie,Disconnect,"David 'Tosh' Gitonga, Michael Jones","Brenda Wairimu, Nick Mutuma, Catherine Kamau, Pascal Tokodi, Patricia Kihoro, Pierra Makena, Bridget Shighadi, Brian Ogola, Illya Frank, Aseem Sharma, Arthur Sanya, Justin Mirichii, Maqbul Mohammed",Kenya,"October 16, 2020",2018,TV-MA,107 min,"Comedies, International Movies, Romantic Movies",A group of singletons stumbles through the wild dating scene in Nairobi as two friends wonder if their relationship is more than platonic.
s1854,Movie,Rooting for Roona,"Pavitra Chalam, Akshay Shankar",,India,"October 15, 2020",2020,TV-PG,42 min,"Documentaries, International Movies","In rural India, a child with hydrocephalus gets a chance at life-changing surgery after her photos go viral. This documentary charts her journey."
s1871,Movie,My Step Dad: The Hippie,Meltem Bozoflu,"Onur Buldu, Mahir İpek, Derya Karadaş, Onur Attila, Meltem Yılmazkaya, Yasemin Conka, Burak Topaloglu, Sefik Taylan, Orkun Karagöz, Erdogan Aydin","Turkey, South Korea","October 9, 2020",2018,TV-MA,100 min,"Comedies, International Movies","When three adult siblings meet the offbeat man who their widowed mom fawns over, they take drastic actions to stop them from ever getting married."
s1888,Movie,"Best Wishes, Warmest Regards: A Schitt's Creek Farewell",Amy Segal,"Daniel Levy, Eugene Levy, Catherine O'Hara, Annie Murphy, Chris Elliott, Emily Hampshire, Sarah Levy, Jennifer Robertson, Noah Reid, Dustin Milligan, Karen Robinson, Rizwan Manji",Canada,"October 3, 2020",2020,TV-MA,44 min,"Documentaries, LGBTQ Movies","From unseen footage to the last table read, this documentary takes an inside look at the final season of the acclaimed comedy series ""Schitt's Creek."""
s1905,Movie,Carlos Almaraz: Playing with Fire,"Elsa Flores Almaraz, Richard J Montoya","Edward James Olmos, Zach De La Rocha",United States,"October 1, 2020",2019,TV-14,83 min,"Documentaries, LGBTQ Movies","Mixing archival footage with interviews, this film celebrates one of Los Angeles's most influential painters and Chicano art activists from the 1970s."
s1922,Movie,The Outpost,Rod Lurie,"Scott Eastwood, Caleb Landry Jones, Orlando Bloom, Jack Kesy, Cory Hardrict, Milo Gibson, Jacob Scipio, Taylor John Smith, Jonathan Yunger, Alexander Arnold","United States, Bulgaria","October 1, 2020",2020,R,123 min,"Action & Adventure, Dramas",A group of vastly outnumbered U.S. soldiers at a remote Afghanistan base must fend off a brutal offensive by Taliban fighters in the Battle of Kamdesh.
s1939,Movie,Ankhon Dekhi,Rajat Kapoor,"Sanjay Mishra, Seema Pahwa, Rajat Kapoor, Taranjit Kaur, Maya Sarao, Chandrachoor Rai, Namit Das, Brijendra Kala, Alka Chawla, Manu Rishi Chadha",India,"September 28, 2020",2013,TV-PG,104 min,"Dramas, Independent Movies, International Movies","After a distressing incident, a Delhi man vows to believe only what he can see, but his new ideals soon take his life in extreme directions."
s1956,TV Show,The School Nurse Files,,"Jung Yu-mi, Nam Joo-hyuk",South Korea,"September 25, 2020",2020,TV-MA,1 Season,"International TV Shows, TV Dramas, TV Mysteries","Wielding a light-up sword through the dark corners of a high school, a nurse with an unusual gift protects students from monsters only she can see."
s1973,Movie,Black,Raja Chanda,"Soham Chakraborty, Bidya Sinha Mim, Ashish Vidyarthi, Rajatabha Dutta, Rudranil Ghosh, Kharaj Mukherjee",India,"September 19, 2020",2015,TV-14,137 min,"Action & Adventure, International Movies","A small-town man takes on a dangerous gangster to avenge his father, a police officer who ended his own life after being framed in a deadly crime."
s1990,TV Show,Baby,,"Benedetta Porcaroli, Alice Pagani, Riccardo Mandolini, Chabeli Sastre Gonzalez, Brando Pacitto, Lorenzo Zurzolo, Claudia Pandolfi, Galatea Ranzi",Italy,"September 16, 2020",2020,TV-MA,3 Seasons,"International TV Shows, TV Dramas, Teen TV Shows","Fed up with their families and classmates, two teen girls from a wealthy part of Rome are drawn to the city's underworld and start leading double lives."
s2007,TV Show,Buddi,,"Greta Jameson, Ralf Jameson, Clementine Laikin, Felix Laikin","United Kingdom, China","September 11, 2020",2020,TV-Y,2 Seasons,"British TV Shows, Kids' TV","The Buddis bounce, spin, glide — and giggle! — through their magical world, learning new things and sharing the joy of friendship."
s2024,Movie,Kaagar,Makarand Mane,"Rinku Rajguru, Shubhankar Tawde, Shashank Shende, Suhas Palshikar, Bharati Patil, Milind Pathak, Umesh Jagtap, Shantanu Gangane, Vitthal Kale, Mahesh Bhosale",India,"September 10, 2020",2019,TV-MA,130 min,"Dramas, International Movies, Romantic Movies","When an activist begins aiding a shrewd political advisor — also his girlfriend’s father, personal agendas lead to betrayal as love and duty clash."
s2041,TV Show,Transformers: Cyberverse,,"Sophia Isabella, Jeremy Levy, Jacob Tillman, Ryan Andes, Deanna McGovern, Dick Terhune",,"September 7, 2020",2020,TV-Y7,2 Seasons,Kids' TV,Optimus Prime and the AllSpark are missing – and only a memory-scrambled Bumblebee holds the key to finding them in this animated sci-fi series.
s2058,Movie,Sky Tour: The Movie,Nguyen Thanh Tung,Son Tung M-TP,Vietnam,"September 2, 2020",2020,TV-G,93 min,"Documentaries, International Movies, Music & Musicals","From the preparations to the performances, this documentary showcases Vietnamese pop idol Sơn Tùng M-TP and the passion behind his Sky Tour concerts."
s2075,Movie,Soldier,Abbas Mustan,"Rakhee Gulzar, Bobby Deol, Preity Zinta",India,"September 1, 2020",1998,TV-14,155 min,"Comedies, Dramas, International Movies","On the run from Indian police, a mysterious man escapes to Australia and falls in love with the daughter of an Indian criminal who lives there."
s2092,Movie,The Bridge Curse,Lester Hsi,"JC Lin, Vera Yen, Summer Meng, Ning Chang, Ruby Zhan, Hsieh Yi-hung, Cheng Ko",Taiwan,"August 27, 2020",2020,TV-MA,88 min,"Horror Movies, International Movies, Thrillers",A group of university students decides to test an urban legend about the ghost of a female student that haunts a campus bridge.
s2109,TV Show,Goedam,Hong Won-ki,"SEOLA, Lee Hyun-joo, Song Chae-yun, Han Ga-rim, Shim So-young",South Korea,"August 20, 2020",2020,TV-MA,1 Season,"International TV Shows, TV Horror, TV Mysteries","When night falls on the city, shadows and spirits come alive in this horror anthology series centered on urban legends."
s2126,TV Show,Takki,,"Moayed Althagafi, Khairiah Abulaban, Ali Alsharif, Adel Redwan, Redwan Alremey, Hind Alsaigh, Reem Alhabib, Khaled Bamashmoos, Fahad Ghazoli, Dareen Albayedh, Naif Althufairi, Mohammad Balkhi",Saudi Arabia,"August 15, 2020",2014,TV-14,2 Seasons,"International TV Shows, TV Dramas","In Jeddah, Saudi Arabia, a young aspiring filmmaker and his circle of friends grapple with family expectations, gender roles, romance and rivalry."
s2143,Movie,Mr. Peabody & Sherman,Rob Minkoff,"Ty Burrell, Max Charles, Ariel Winter, Stephen Colbert, Leslie Mann, Stanley Tucci, Allison Janney, Mel Brooks, Patrick Warburton, Stephen Tobolowsky, Lake Bell",United States,"August 11, 2020",2014,PG,93 min,"Children & Family Movies, Comedies, Sci-Fi & Fantasy","Resurrected from the 1960s animated series ""Rocky and Bullwinkle,"" canine genius Mr. Peabody and young Sherman take a dizzying ride through time."
s2160,Movie,Work It,Laura Terruso,"Sabrina Carpenter, Jordan Fisher, Liza Koshy, Keiynan Lonsdale, Michelle Buteau, Drew Ray Tanner",United States,"August 7, 2020",2020,TV-14,94 min,Comedies,A brilliant but clumsy high school senior vows to get into her late father’s alma mater by transforming herself and a misfit squad into dance champions.
s2177,Movie,Rogue Warfare: The Hunt,Mike Gunther,"Will Yun Lee, Jermaine Love, Rory Markham, Bertrand-Xavier Corbi, Katie Keene, Fernando Chien, Gina DeCesare, Michael Blalock, Chris Mulkey, Stephen Lang",United States,"August 1, 2020",2020,R,104 min,Action & Adventure,"When their leader is captured by an extremist organization, a special forces team stages a perilous rescue mission as time runs out."
s2194,Movie,Uma Maheswara Ugra Roopasya,Venkatesh Maha,"Satya Dev, VK Naresh, Raghavan, Suhas P, Ravindra Vijay, Chandana Koppisetti, Roopa Koduvayur, Kushalini Pulapa",India,"July 30, 2020",2020,TV-MA,137 min,"Comedies, Dramas, Independent Movies","Defeated and humiliated in a fight while trying to defuse a conflict among his fellow villagers, a photographer vows revenge on his attacker."
s2211,Movie,Offering to the Storm,Fernando González Molina,"Marta Etura, Leonardo Sbaraglia, Carlos Librado ""Nene"", Francesc Orella, Imanol Arias, Álvaro Cervantes, Itziar Aizpuru, Benn Northover, Marta Larralde, Alicia Sánchez, Eduardo Rosa, Angel Alkain, Ana Wagener, Paco Tous, Patricia López Arnaiz, Pedro Casablanc","Spain, Germany","July 24, 2020",2020,TV-MA,140 min,"International Movies, Thrillers","Amaia investigates several suspicious infant deaths and horrific rituals. Meanwhile, people around her risk grave danger. Part 3 in the Baztan Trilogy."
s2228,TV Show,Cursed,,"Katherine Langford, Devon Terrell, Gustaf Skarsgård, Daniel Sharman, Sebastian Armesto, Lily Newmark, Shalom Brune-Franklin, Matt Stokoe, Bella Dayne, Peter Mullan, Emily Coates","United Kingdom, Australia","July 17, 2020",2020,TV-MA,1 Season,"TV Action & Adventure, TV Dramas, TV Sci-Fi & Fantasy","Armed with mysterious powers and a legendary sword, young rebel Nimue joins forces with charming mercenary Arthur on a mission to save her people."
s2245,Movie,Hole in the Wall,"André Odendaal, Johan Vorster","André Odendaal, Nicholas Campbell, Tinarie van Wyk Loots, Bheki Mkwane, Susan Coetzer, Botho Molohloane, Anna Davel, Nomboniso Paile, Dania Gelderblom, Hamish Kyd",South Africa,"July 11, 2020",2016,TV-MA,104 min,"Dramas, International Movies","Diagnosed with colon cancer, a free-spirited man embarks on an illuminating road trip with his son through South Africa."
s2262,Movie,Jim Jefferies: Intolerant,Scott Zabielski,Jim Jefferies,,"July 7, 2020",2020,TV-MA,67 min,Stand-Up Comedy,"Between scenes from an excruciating date, Jim Jefferies digs into generational differences, his own bad habits and the shifting boundaries in comedy."
s2279,Movie,Mary Kom,Omung Kumar,"Priyanka Chopra, Darshan Kumar, Sunil Thapa, Kenny Basumatary, Shishir Sharma, Robin Das, Rajni Basumatary, Lin Laishram, Shakti Singh",India,"July 5, 2020",2014,TV-PG,120 min,"Dramas, International Movies, Sports Movies",The daughter of a poor rice farmer overcomes the objections of her father and the demands of a male-dominated society to pursue a career in boxing.
s2296,Movie,Hunter in the Blue Side of Manchester,Rako Prijanto,"Adipati Dolken, Ganindra Bimo, Donny Alamsyah, Vonny Cornellya, Tania Staite, Maurice Bryrne, Kevin Bzezovski Taroreh","Indonesia, United Kingdom","July 3, 2020",2020,TV-MA,89 min,"Dramas, International Movies","To honor his father, a diligent college graduate takes on the daunting goal of becoming a reporter for an English Premier League soccer club."
s2313,Movie,Pek Yakında,Cem Yılmaz,"Cem Yılmaz, Tülin Özen, Ozan Güven, Özkan Uğur, Zafer Algöz, Cengiz Bozkurt, Cahit Gök, Bahtiyar Engin, Mazhar Alanson, Metin Coşkun, Tuğrul Tülek",Turkey,"July 1, 2020",2014,TV-MA,134 min,"Comedies, International Movies","An ex-movie extra plans to win his wife back by making a fantasy film, but neither he nor his crew has a knack for filmmaking."
s2330,TV Show,All For Love,,"Ana María Estupiñán, Carlos Torres, Yuri Vargas, Jim Muñoz, Julio Sánchez Cóccaro, Alina Lozano, Valeria Gálviz, Juan Millán, Juan del Río, Mario Duarte",Colombia,"June 26, 2020",2020,TV-MA,1 Season,"International TV Shows, Romantic TV Shows, Spanish-Language TV Shows","A penniless country boy goes in search of his runaway sister in Bogotá, where he falls for an aspiring singer, but gets tangled up in organized crime."
s2347,TV Show,"Roswell, New Mexico",,"Jeanine Mason, Nathan Parsons, Michael Vlamis, Lily Cowles, Tyler Blackburn, Heather Hemmens, Michael Trevino, Trevor St. John",United States,"June 23, 2020",2020,TV-14,2 Seasons,"Classic & Cult TV, TV Dramas, TV Sci-Fi & Fantasy","After 10 years, a woman returns to her sleepy tourist-occupied hometown and discovers her high-school crush is also an unusual foreigner."
s2364,Movie,Wasp Network,Olivier Assayas,"Penélope Cruz, Edgar Ramírez, Wagner Moura, Gael García Bernal, Ana de Armas, Leonardo Sbaraglia","France, Brazil, Spain, Belgium","June 19, 2020",2020,TV-MA,128 min,"Dramas, International Movies, Thrillers","Based on a true and gripping story: Cuban spies infiltrate exile groups in the 1990s to stop terrorism against the island, but at a high personal cost."
s2381,Movie,Riding Faith,Paco Aguilar,"John Schneider, T.C. Stallings, Grace Van Dien, Marisa Brown, Jimmy Deshler",United States,"June 17, 2020",2020,TV-PG,81 min,"Children & Family Movies, Dramas, Faith & Spirituality","Following her father's death, a young woman struggles to help her mother keep the family ranch afloat while preserving a special bond with her horse."
s2398,Movie,Jo Koy: In His Elements,Michael McKay,"Jo Koy, Andrew Lopez, Joey Guila, Andrew Orolfo",United States,"June 12, 2020",2020,TV-MA,55 min,Stand-Up Comedy,"Jo Koy brings the laughs and beats to Manila, spotlighting local culture in a one-of-a-kind show featuring Filipino American comedians, DJs and B-boys."
s2415,Movie,Project Papa,Kanika Batra,"Rakesh Batra, Kanika Batra, Sneha Kapoor, Rohn Malhotra, Munira Sen, Anaitha Nair, Rajit Kapoor",India,"June 7, 2020",2018,TV-14,92 min,"Dramas, Independent Movies, International Movies","When a busy entrepreneur pauses her career to spend time with her aging father, both learn valuable lessons on happiness, love and living in the moment."
s2432,Movie,Spelling the Dream,Sam Rega,,United States,"June 3, 2020",2020,TV-G,83 min,"Children & Family Movies, Documentaries","Following four hopeful competitors, this documentary explores Indian Americans' decades-long success at the biggest spelling contest in the U.S."
s2449,Movie,Kalek Shanab,Hani Al-Shaibani,"Saad Abdullah, Mohamed Alkendi, Ammar Rahma, Maria Khan, Msabeh Bin Hashim, Hani Abd Al Ghani, Zayed Mohammed Mahmoud, Khaled Abdullah",United Arab Emirates,"June 1, 2020",2019,TV-PG,80 min,"Comedies, International Movies","After a wild night of partying on the town, three buddies wake up to discover they've caused a whole mess of trouble — but can't remember how."
s2466,Movie,Intuition,Alejandro Montiel,"Luisana Lopilato, Joaquín Furriel, Rafael Ferro, Maite Lanata, Juan Manuel Guilera, Abel Ayala, Sebastián Mogordoy, Delfina Chaves, Marita Ballesteros, Miriam Odorico",Argentina,"May 28, 2020",2020,TV-MA,116 min,"Dramas, International Movies, Thrillers","Police officer Pipa works on her first big case while simultaneously investigating her boss, who is suspected of murder. The prequel to ""Perdida""."
s2483,Movie,Bye Bye London,Almunsif Alsuwaisi,"Abdulhussain Abdulredah, Ghanem Al-Saleh, Mariam Al-Ghadban, Dawood Hussain, Entesar Alsharah, Mohamed Gaber",Kuwait,"May 21, 2020",1981,TV-14,177 min,"Comedies, Dramas, International Movies","In this satirical play, a wealthy Kuwaiti businessman travels to London for pleasure and encounters a host of eccentric characters."
s2500,TV Show,The Queen and the Conqueror,,"Essined Aponte, Emmanuel Esparza, Kepa Amuchastegui, Manuel Navarro, Aroha Hafez, Ilenia Antonini, Alejandro Rodríguez, Cristina Warner, Juliette Arrieta, Fernando Campo, Camilo Jiménez, Jairo Camargo, Adelaida Buscato",Colombia,"May 20, 2020",2020,TV-14,1 Season,"International TV Shows, Spanish-Language TV Shows, TV Dramas","Years after Spanish conquistador Pedro de Heredia betrayed her people and broke her heart, indigenous woman Catalina reenters his life to get revenge."
s2517,Movie,The End,Mohammed Alhmly,"Mohamed El Hemaly, Abdulla Al-khudr, Ghadeer Zayid, Heba El Dorry, Abdulaziz Al-mesallam, Meshal Al-farhan, Meshal Al-Mujibel, Ibrahim Al-Sheikhly, Souad al-Husseini, Soliman Elyassin",Kuwait,"May 17, 2020",2019,TV-MA,97 min,"Action & Adventure, Comedies, International Movies","A wrongly accused man is pursued by a dogged investigator in this action-comedy featuring car chases, dark humor and more than a few vampires."
s2534,Movie,Fan of Amoory,Salmeen AlMurry Amer,"AlMulla AbdulRahman, Mansour Al Felei, Abdullah Bin Heider, Alhamadi Hamad, Alzaabi Matar, AlBloushi Mayed, Althogali Saif, Alaa Shakir",United Arab Emirates,"May 14, 2020",2018,TV-G,109 min,"Children & Family Movies, Dramas, International Movies","Inspired by his idol Omar Abdulrahman, a young boy navigates obstacles as he chases his dream of becoming a professional soccer player."
s2551,Movie,18 Presents,Francesco Amato,"Vittoria Puccini, Benedetta Porcaroli, Edoardo Leo, Sara Lazzaro, Marco Messeri, Betty Pedrazzi, Alessandro Giallocosta, Filippo Gili, Giacomo Rosselli",Italy,"May 8, 2020",2020,TV-MA,114 min,"Dramas, Independent Movies, International Movies",A pregnant mother with terminal cancer leaves behind 18 sentimental gifts for her unborn daughter to receive every birthday until she reaches womanhood.
s2568,Movie,Death Can Wait,Fernando Ayllón,"Ricardo Quevedo, Nelson Polanía, Liss Pereira, Brian Moreno, Ana Cristina Botero, Jairo Ordóñez, Luis Alberto Saavedra, Blanca Ligia Franco, Marianne Schaller Romero, Shirley Marulanda",Colombia,"May 2, 2020",2020,TV-14,91 min,"Comedies, International Movies","After learning he may die soon, a modest accountant pulls off a shady money scheme and heads to Europe, where he's faced with a life-or-death situation."
s2585,Movie,Material,Craig Freimond,"Vincent Ebrahim, Riaad Moosa, Joey Rasdien, Denise Newman, Krijay Govender, Nik Rabinowitz, Zakeeya Patel, Carishma Basday, Royston Stoffels, Mel Miller",South Africa,"May 1, 2020",2012,TV-14,94 min,"Comedies, Dramas, International Movies","A dutiful son must hide his pursuit of stand-up comedy from his staunch father, who expects him to inherit his store and uphold their Muslim beliefs."
s2602,Movie,Rich in Love,Bruno Garotti,"Danilo Mesquita, Giovanna Lancellotti, Jaffar Bambirra, Lellê, Ernani Moraes, Gillray Coutinho, Jeniffer Dias, Bruna Griphao, Fernanda Paes Leme",Brazil,"April 30, 2020",2020,TV-14,105 min,"Comedies, International Movies, Romantic Movies","Rich kid Teto is determined to prove himself to Paula, his love interest. But when he tells her he grew up poor, the lie spins out of control."
s2619,Movie,Küçük Esnaf,Bedran Güzel,"İbrahim Büyükak, Zeynep Koçak, Gupse Özay, Cengiz Bozkurt",Turkey,"April 28, 2020",2016,TV-MA,100 min,"Comedies, International Movies","As an honest locksmith scrambles to pay his late father's hefty debt to the mafia, he crosses paths with a woman in similar trouble and falls for her."
s2636,Movie,The Dealer,Ahmed Saleh,"Ahmed El Sakka, Khaled El Nabawy, Mai Selim, Nedal El Shafey, Boris Abramov, Selami Şahin",Egypt,"April 25, 2020",2010,TV-14,124 min,"Action & Adventure, International Movies","Separated by distance and circumstance, two bitter rivals cross paths when the perils of the drug trade unexpectedly unite them."
s2653,Movie,Circus of Books,Rachel Mason,,United States,"April 22, 2020",2020,TV-MA,87 min,"Documentaries, LGBTQ Movies","For decades, a nice Jewish couple ran Circus of Books, a porn shop and epicenter for gay LA. Their director daughter documents their life and times."
s2670,TV Show,El Dragón: Return of a Warrior,,"Sebastián Rulli, Renata Notni, Roberto Mateos, Irina Baeva, Cassandra Sánchez Navarro, Manuel Balbi, Javier Gómez, Alejandro Ávila, Sofía Castro, Juan Pablo Gil",Mexico,"April 17, 2020",2020,TV-MA,2 Seasons,"Crime TV Shows, International TV Shows, Spanish-Language TV Shows","To replace his grandfather as head of a cartel, a Tokyo financier returns to his home country of Mexico, where he must battle two rivals for control."
s2687,Movie,Chris D'Elia: No Pain,Matt D'Elia,Chris D'Elia,United States,"April 14, 2020",2020,TV-MA,55 min,Stand-Up Comedy,Chris D'Elia takes the stage in Minneapolis to offer his thoughts on everything from self-censorship to problematic dolphins to lame mutant powers.
s2704,Movie,Mine 9,Eddie Mensore,"Terry Serpico, Kevin Sizemore, Mark Ashworth, Clint James, Drew Starkey, Erin Elizabeth Burns",United States,"April 6, 2020",2019,TV-MA,83 min,"Dramas, Independent Movies",A methane explosion leaves a group of miners trapped two miles deep into the earth with a small oxygen supply and desperate for any means of survival.
s2721,Movie,Dostana,Tarun Mansukhani,"Abhishek Bachchan, John Abraham, Priyanka Chopra, Bobby Deol, Kiron Kher, Sushmita Mukherjee, Shrey Bawa, Boman Irani","India, United States","April 1, 2020",2008,TV-14,142 min,"Comedies, Dramas, International Movies","To win over a landlady who only accepts women as tenants, two men pose as a couple – but the jig may be up when they both fall for their flatmate."
s2738,Movie,Mighty Raju Rio Calling,"Rajiv Chilaka, Anirban Majumder, Alka Amarkant Dubey",,India,"April 1, 2020",2014,TV-Y7,97 min,"Children & Family Movies, Sports Movies","Mighty Raju preps for a new adventure in Rio de Janeiro, where he goes toe-to-toe with rival soccer players, faces capoeira fighters and more."
s2755,Movie,Greater,David Hunt,"Neal McDonough, Leslie Easterbrook, Christopher Severio, Michael Parks, Nick Searcy, Peter Gray Lewis, Fredric Lehne, M.C. Gainey, Texas Battle, Josh Emerson",United States,"March 31, 2020",2016,PG,131 min,"Children & Family Movies, Dramas, Sports Movies",Faith and determination transform a talentless football player at the University of Arkansas into an All-American in this inspiring true story.
s2772,Movie,Uncorked,Prentice Penny,"Mamoudou Athie, Courtney B. Vance, Niecy Nash, Sasha Compère, Bernard D. Jones, Gil Ozeri, Matt McGorry, Meera Rohit Kumbhani",United States,"March 27, 2020",2020,TV-MA,104 min,"Dramas, Independent Movies",A young man feels torn between his dream of becoming a master sommelier and his father’s expectations that he’ll take over the family barbecue business.
s2789,TV Show,Dino Girl Gauko,,"Naoko Matsui, Hiroshi Kamiya, Kazue Ikura, Chafurin, Chie Kojiro, Mari Mashiba, Ryoko Shiraishi, Hidekatsu Shibata, Tadashi Miyazawa, Sonosuke Hattori, Karen, Yui Toita, Izu Konishi, Eri Ozaki, Risa Nakamura, Tomoyo Chujo, Takuro Hijioka, Sawako Yoshida, Chika Okubo, Yuri Fujiwara, Tomomi Yamakawa, Hikaru Yuki, Miyako Kobayashi, Mutsuki Arisawa, Koharu Nogata, Tomoka Kuzutani, Madoka Yokoyama, Madoka Hiraide, Ayako Takamura, Yuki Arimoto, Yuto Kazama, Arisa Takami, Chika Sakamoto","United States, Japan","March 20, 2020",2020,TV-Y7,2 Seasons,"Anime Series, Kids' TV","When she gets angry, middle schooler Naoko turns into fierce dinosaur Gauko! Thanks to friends, aliens and more, her life is full of wacky incidents."
s2806,Movie,XV: Beyond the Tryline,Pierre Deschamps,,United Kingdom,"March 18, 2020",2016,TV-14,91 min,"Documentaries, Sports Movies","Set against the 2015 Rugby World Cup, this documentary captures the allure of rugby as told by fans, players and others who have touched the game."
s2823,Movie,Lost Girls,Liz Garbus,"Amy Ryan, Gabriel Byrne, Thomasin McKenzie, Lola Kirke, Oona Laurence, Dean Winters, Miriam Shor, Reed Birney, Kevin Corrigan, Stan Carp",United States,"March 13, 2020",2020,R,95 min,Dramas,"Desperate to find her missing daughter, a mother fights to uncover the truth — and helps expose a string of unsolved murders. Based on a true story."
s2840,Movie,93 Days,Steve Gukas,"Bimbo Akintola, Somkele Iyamah, Danny Glover, Gideon Okeke, Seun Kentebe, Keppy Ekpenyong, Zara Udofia Ejoh, Bimbo Manuel, Patrick Diabuah, Tina Mba, Alastair Mackenzie, Tim Reid",Nigeria,"March 5, 2020",2016,TV-PG,121 min,"Dramas, International Movies, Thrillers",Heroic health workers fight to contain an Ebola outbreak when a patient arrives in Lagos with symptoms of the deadly virus. Based on a true story.
s2857,Movie,Bhangra Paa Le,Sneha Taurani,"Sunny Kaushal, Rukshar Dhillon, Shriya Pilgaonkar, Parmeet Sethi, Samir Soni, Chaitanya Sharma, Sheeba Chaddha, Akarsh Khurana",India,"March 1, 2020",2019,TV-14,130 min,"Comedies, Dramas, International Movies","Determined to bring traditional bhangra to the world stage, a dancer preps for an international competition against a rival with dreams of her own."
s2874,Movie,Ala Vaikunthapurramuloo,Trivikram Srinivas,"Allu Arjun, Pooja Hegde, Tabu, Sushanth, Nivetha Pethuraj, Jayaram, Murli Sharma",India,"February 27, 2020",2020,TV-14,162 min,"Action & Adventure, Comedies, Dramas","After growing up enduring criticism from his father, a young man finds his world shaken upon learning he was switched at birth with a millionaire’s son."
s2891,TV Show,Unabomber - In His Own Words,Mick Grogan,Ted Kaczynski,Canada,"February 22, 2020",2018,TV-MA,1 Season,"Crime TV Shows, Docuseries","The CIA attempts to turn Ted Kaczynski, aka the Unabomber, into a super agent — a plan that backfires. Based on real events."
s2908,Movie,Term Life,Peter Billingsley,"Vince Vaughn, Hailee Steinfeld, Jonathan Banks, Bill Paxton, Mike Epps, Jordi Mollà, William Levy, Jon Favreau, Taraji P. Henson, Shea Whigham, Cain Velasquez",United States,"February 16, 2020",2016,R,93 min,"Dramas, Thrillers","After a botched job, a heist mastermind must run from gangsters and stay alive long enough for his daughter to benefit from his life insurance policy."
s2925,Movie,French Toast,"Paul Krüger, Anél Stolp","Lika Berning, Thierry Ballarin, Deon Lotz, Heléne Lombard, Paul du Toit, Roberta Fox, Trudi Conradie, Rod Alexander, Lochner De Kock, Tony Caprari",South Africa,"February 12, 2020",2015,TV-PG,86 min,"Comedies, International Movies, Romantic Movies","With only her mother's diary and a locket as clues, a South African woman travels to Paris in search of the long-lost sibling she never knew she had."
s2942,TV Show,Locke & Key,,"Darby Stanchfield, Connor Jessup, Emilia Jones, Jackson Robert Scott, Petrice Jones, Laysla De Oliveira, Griffin Gluck, Sherri Saum, Aaron Ashmore, Bill Heck, Genevieve Kang, Kevin Alves, Thomas Mitchell Barnet, Eric Graise, Felix Mallard, Martin Roach, Steven Williams, Coby Bird","Canada, United States","February 7, 2020",2020,TV-14,1 Season,"TV Action & Adventure, TV Dramas, TV Mysteries","After their dad's murder, three siblings move with their mom to his ancestral estate, where they discover magical keys that unlock powers — and secrets."
s2959,TV Show,Is It Wrong to Try to Pick Up Girls in a Dungeon?,,"Yoshitsugu Matsuoka, Inori Minase, Saori Onishi, Maaya Uchida, Haruka Tomatsu, Shizuka Ishigami, Yoko Hikasa, Yurika Kubo, Nobuhiko Okamoto, Saori Hayami, Yoshimasa Hosoya, Chinatsu Akasaki, Akeno Watanabe, Haruka Chisuga, Wakana Kowaka, Ayumi Mano, Kenn, Ryota Osaka",Japan,"February 1, 2020",2015,TV-MA,1 Season,"Anime Series, International TV Shows","Lovable goof Bell Cranel wants an adventure, and when he meets the diminutive goddess Hestia, he gets much more than he bargained for."
s2976,Movie,Miss Americana,Lana Wilson,Taylor Swift,United States,"January 31, 2020",2020,TV-MA,85 min,"Documentaries, Music & Musicals","In this revealing documentary, Taylor Swift embraces her role as a songwriter and performer — and as a woman harnessing the full power of her voice."
s2993,TV Show,Sons of the Caliphate,,"Yakubu Mohammed, Paul Sambo, Mofe Duncan, Nita Byack George, Yvonne Hays, Mickey Odey, Rahama Sadau, Sani Muazu",Nigeria,"January 24, 2020",2017,TV-14,2 Seasons,"International TV Shows, TV Dramas","Three wealthy, power-hungry men tussle for sovereignty amid corrupt politics, passionate desires and family obligations."
s3010,Movie,A Fall from Grace,Tyler Perry,"Crystal Fox, Phylicia Rashad, Cicely Tyson, Bresha Webb, Mehcad Brooks, Adrian Pasdar, Tyler Perry",United States,"January 17, 2020",2020,TV-MA,121 min,"Dramas, Thrillers","When gentle, law-abiding Grace confesses to killing her new husband, her skeptical young lawyer sets out to uncover the truth. A film by Tyler Perry."
s3027,Movie,The Brave,William Kaufman,"Armand Assante, Louis Mandylor, Yuriy Kutsenko, Ravshana Kurkova, Igor Jijikine, Ivan Makarevich, Bessart Kallaku, Ervin Bejleri",United States,"January 15, 2020",2019,TV-MA,103 min,"Action & Adventure, Independent Movies","With entry into the European Union at stake, Albania must rely on a mash-up of elite cops to take down a slippery drug lord dominating its economy."
s3044,Movie,A Ghost Story,David Lowery,"Casey Affleck, Rooney Mara, Liz Franke, Rob Zabrecky, Will Oldham, Sonia Acevedo",United States,"January 7, 2020",2017,R,92 min,"Dramas, Independent Movies","Following a fatal car crash, a man's spirit remains stuck in the home he shared with his wife as doors into the past and future begin to open."
s3061,Movie,Ghost Stories,"Anurag Kashyap, Dibakar Banerjee, Karan Johar, Zoya Akhtar","Janhvi Kapoor, Sobhita Dhulipala, Sukant Goel, Gulshan Devaiah, Mrunal Thakur, Avinash Tiwary, Vijay Varma, Sagar Arya, Surekha Sikri, Pavail Gulati",India,"January 1, 2020",2020,TV-MA,145 min,"Horror Movies, International Movies, Thrillers","The directors of Emmy-nominated ""Lust Stories"" (Zoya Akhtar, Anurag Kashyap, Dibakar Banerjee and Karan Johar) reunite for this quartet of thrillers."
s3078,Movie,Aaviri,Ravi Babu,"Ravi Babu, Neha Chauhan, Sri Muktha, Bharani Shankar, Mukhtar Khan, Priya",India,"December 31, 2019",2019,TV-14,110 min,"Horror Movies, International Movies, Thrillers","After losing their first child in an accident, a couple moves to a palatial home, where their young daughter comes under the spell of an eerie spirit."
s3095,Movie,The App,Elisa Fuksas,"Vincenzo Crea, Jessica Cressy, Greta Scarano, Maya Sansa, Abel Ferrara, Anita Kravos",Italy,"December 26, 2019",2019,TV-MA,79 min,"Dramas, Independent Movies, International Movies","While in Rome to shoot his first movie, actor and industrial heir Nick becomes obsessed with a dating app that sends him into a self-destructive spiral."
s3112,TV Show,Agent,,"Khumbulani Kay Sibiya, Sisanda Henna, Tarynn Wyngaard, Anthony Oseyemi, Virgile Bramly, Manie Malone, Yannick Konnan, Vinaya Sungkur, Michaella Russell, Thabo Malema","Mauritius, South Africa","December 20, 2019",2019,TV-MA,1 Season,"International TV Shows, TV Dramas","A former footballer tries to make it as a player agent in the world of African soccer, but a secret from his past threatens to destroy everything."
s3129,TV Show,Cocomong,,"Jung Sun-hye, Yang Jeong-hwa, Kim Jang, Ryoo Jeom-hee, Hong Bum-ki, Shin Yong-woo",United States,"December 15, 2019",2015,TV-Y,2 Seasons,"Kids' TV, Korean TV Shows","What's in your fridge? In sunny Refrigerator Land, everyday ingredients transform into animal friends who love a good adventure."
s3146,Movie,Rock On!!,Abhishek Kapoor,"Farhan Akhtar, Arjun Rampal, Purab Kohli, Luke Kenny, Prachi Desai, Shahana Goswami, Koel Purie",India,"December 15, 2019",2008,TV-14,139 min,"Dramas, International Movies, Music & Musicals","Four friends hoped that their rock band would be a hit. After breaking up, the band members reunite and take another shot at fulfilling their dream."
s3163,Movie,It Comes at Night,Trey Edward Shults,"Joel Edgerton, Christopher Abbott, Carmen Ejogo, Riley Keough, Kelvin Harrison Jr., David Pendleton, Griffin Robert Faulkner",United States,"December 9, 2019",2017,R,92 min,"Horror Movies, Independent Movies","As danger stalks the world outside his isolated home, an overprotective father faces a tough decision when another family shows up seeking help."
s3180,Movie,Wives on Strike: The Revolution,Omoni Oboli,"Uche Jumbo, Omoni Oboli, Sola Sobowale, Chioma Chukwuka-Akpotha, Ufuoma McDermott, Odunlade Adekola, Kalu Ikeagwu, Kenneth Okonkwo","United Kingdom, Nigeria","December 6, 2019",2017,TV-PG,93 min,"Comedies, Dramas, International Movies","After a woman is severely beaten at home, her strong-willed friends take a stand against their husbands to seek justice for domestic abuse victims."
s3197,Movie,Lakeeran,,"Harman Virk, Yuvika Chaudhry, Nirmal Rishi, Shavinder Mahal, B.N. Sharma, Anita Meet, Poonam Sood, B.B. Verma, Satwant Kaur, Gurinder Rai",India,"December 1, 2019",2016,TV-PG,111 min,"Dramas, International Movies, Romantic Movies","Guilt-ridden over his involvement in a fatal car accident, a young ex-pat returns to Punjab, falling for a woman who carries traumas of her own."
s3214,Movie,Lagos Real Fake Life,Mike Ezuruonye,"Nonso Diobi, Mike Ezuruonye, Mercy Aigbe, Rex Nosa, Annie Macaulay Idibia, Ik Ogbonna, Nedu Wazobia, Uzee Usman, Odunlade Adekola, Mr Jollof, Efe Irele, Josh 2 Funny, Haillie Sumney, Emmanuella, MC Lively",,"November 29, 2019",2018,TV-MA,118 min,"Comedies, International Movies","Two mooching friends vie for the attention of wealthy, beautiful women only to discover that their lavish lifestyles are bogus."
s3231,TV Show,The Crime,,"Magdalena Boczarska, Wojciech Zieliński, Joanna Kulig, Radosław Pazura, Magdalena Zawadzka, Dorota Kolak, Zdzislaw Wardejn, Małgorzata Rożniatowska, Aleksandra Popławska, Lukasz Nowicki, Tamara Arciuch, Rafał Cieszyński, Karolina Kominek",Poland,"November 26, 2019",2015,TV-MA,2 Seasons,"Crime TV Shows, International TV Shows, TV Dramas",The peaceful lives of the residents inhabiting a breathtaking seaside town are shaken following a series of macabre crimes.
s3248,TV Show,Trolls: The Beat Goes On!,,"Amanda Leighton, Skylar Astin, Ron Funches, David Fynn, David Koechner, David Kaye, Sean T. Krishnan, Sam Lerner, Patrick Pinney, Kevin Michael Richardson, Kari Wahlgren, Fryda Wolff",United States,"November 22, 2019",2019,TV-Y7,8 Seasons,"Kids' TV, TV Comedies","As Queen Poppy welcomes a new time of peace in Troll Village with parties, sports and holiday celebrations, Branch tries to be more fun-loving."
s3265,Movie,Earthquake Bird,Wash Westmoreland,"Alicia Vikander, Riley Keough, Naoki Kobayashi, Jack Huston, Kiki Sukezane, Yoshiko Sakuma, Ken Yamamura, Kazuhiro Muroyama, Akiko Iwase, Crystal Kay","United Kingdom, Japan, United States","November 15, 2019",2019,R,107 min,"Dramas, Romantic Movies","In 1980s Tokyo, an enigmatic expat is suspected of killing her friend, who's gone missing in the wake of their love triangle with a local photographer."
s3282,TV Show,The Stranded,,"Papangkorn Lerkchaleampote, Chayanit Chansangavej, Chutavuth Pattarakampol, Kittisak Patomburana, Sinjai Plengpanich, Oabnithi Wiwattanawarang, Ticha Wongthipkanont, Chaleeda Gilbert, Chanya McClory",Thailand,"November 15, 2019",2019,TV-MA,1 Season,"International TV Shows, TV Action & Adventure, TV Dramas","Trapped on an island destroyed by a tsunami, the students of an elite school try to hold on to hope. But mysterious forces seem to work against them."
s3299,TV Show,Wild District,,"Juan Pablo Raba, Cristina Umaña, Camila Sodi, Christian Tappán, Juan Fernando Sánchez, Juan Sebastián Calero, Paula Castaño, Nicolás Quiroga, Alina Lozano, Carolina Acevedo, Julio César Pachón, Roberto Cano",Colombia,"November 8, 2019",2019,TV-MA,2 Seasons,"Crime TV Shows, International TV Shows, Spanish-Language TV Shows","After surrendering to Bogotá police, an ex-guerrilla avoids prison by working undercover to investigate a ruthless enforcer of government corruption."
s3316,Movie,A Fairly Odd Summer,Savage Steve Holland,"Drake Bell, Daniella Monet, David Lewis, Susanne Blakeslee, Daran Norris, Scott Baio, Devon Weigel, Ella Anderson, Carter Hastings",United States,"November 2, 2019",2014,TV-Y7,68 min,"Children & Family Movies, Comedies","In this live-action adventure, the gang heads to Hawaii, where Timmy learns the source of all fairy magic is in dangerous hands."
s3333,Movie,Christmas Survival,James Dearden,"Julian Ovenden, Gemma Whelan, Joely Richardson, Michael Landes, Sally Phillips, Patricia Hodge, Ronni Ancona, James Fox, Sophie Simnett, Jade Ma",United Kingdom,"November 1, 2019",2018,TV-MA,101 min,Comedies,"With Christmas just around the corner, sisters Miranda and Lyla bring their families to their childhood home, where rivalries don't take a holiday."
s3350,Movie,The Old Thieves: The Legend of Artegios,Everardo González,,Mexico,"November 1, 2019",2007,TV-MA,97 min,"Documentaries, International Movies","While carrying out prison sentences, five notorious thieves in Mexico City share their principles, preferred methods and respect for the craft."
s3367,Movie,Little Miss Sumo,Matt Kay,Hiyori Kon,United Kingdom,"October 28, 2019",2018,TV-G,20 min,"Documentaries, International Movies, Sports Movies","In an ancient sport traditionally reserved for men, 20-year-old female sumo prodigy Hiyori attempts to revolutionize Japan’s national pastime."
s3384,Movie,Echo in the Canyon,Andrew Slater,"Jakob Dylan, Ringo Starr, Michelle Phillips, Stephen Stills, Regina Spektor, Beck, Eric Clapton, Tom Petty, Jackson Browne, Norah Jones",United States,"October 24, 2019",2019,PG-13,82 min,"Documentaries, Music & Musicals","An affectionate documentary looks back at the mid-1960s, when Hollywood’s Laurel Canyon was a creative nexus for young, innovative musicians."
s3401,TV Show,Interior Design Masters,,,United Kingdom,"October 18, 2019",2019,TV-PG,1 Season,"British TV Shows, International TV Shows, Reality TV",Aspiring interior designers transform a variety of spaces from dowdy to delightful as they vie for a life-changing contract with a top London hotel.
s3418,Movie,Ghosts of Sugar Land,Bassam Tariq,,United States,"October 16, 2019",2019,TV-MA,22 min,Documentaries,"Shocked when their friend embraces extremism, a group of Muslim Americans in Texas recount their time with him and theories about his fate."
s3435,Movie,The Influence,Dennis Rovira van Boekholt,"Manuela Vellés, Maggie Civantos, Alain Hernández, Claudia Placer, Daniela Rubio, Emma Suárez, Ramón Esquinas, Felipe García Vélez, Mariana Cordero","Spain, France","October 11, 2019",2019,TV-MA,102 min,"Horror Movies, International Movies","Back in her childhood home to help her sister care for their comatose mother, Alicia must face a dark force from her past that now threatens her child."
s3452,Movie,Kids on the Block,Tugçe Soysop,"Selim Bayraktar, Berat Efe Parlar, Esat Polat Güler, Eda Döğer, Dora Dalgıç, Taha Sönmezisik, Zeynep Ilgin Çelik, Arda Taşarcan, Alperen Efe Esmer, İlknur Külahlıoglu, İkra Külahlıoğlu",Turkey,"October 4, 2019",2019,TV-PG,102 min,"Children & Family Movies, Comedies","When their fun in the park is threatened by a neighborhood nagger, a group of friends declares war to play freely on their turf."
s3469,Movie,Limitless,Vrinda Samartha,,India,"October 1, 2019",2017,TV-PG,59 min,"Documentaries, International Movies, Sports Movies",This documentary follows eight women in India who struggle with self-confidence and society's expectations but rediscover themselves through running.
s3486,Movie,Sturgill Simpson Presents Sound & Fury,"Jumpei Mizusaki, Koji Morimoto, Michael Arias, Masaru Matsumoto, Arthell Isom, Henry Thurlow, Takanobu Mizuno, Elsa Nakamichi, Hajime Sasaki, Shinji Takagi",,United States,"September 27, 2019",2019,TV-MA,42 min,"Anime Features, Music & Musicals, Sci-Fi & Fantasy","In this anime visual album, a mysterious driver heads deep into a postapocalyptic hellscape toward a ferocious showdown with two monstrous opponents."
s3503,TV Show,Criminal: Germany,,"Eva Meckbach, Sylvester Groth, Florence Kasumba, Peter Kurth, Christian Berkel, Nina Hoss, Christian Kuchenbuch, Jonathan Berlin, Deniz Arora",Germany,"September 20, 2019",2019,TV-MA,1 Season,"British TV Shows, Crime TV Shows, International TV Shows","In the interview room, detectives go head-to-head with suspects and try to get to the truth – even if it means breaking the rules and risking it all."
s3520,TV Show,Kabaneri of the Iron Fortress: The Battle of Unato,,"Tasuku Hatanaka, Sayaka Senbongi, Maaya Uchida, Toshiki Masuda, Kanae Oki, Mariya Ise, Ryota Osaka, Kensuke Sato, Maxwell Powers, Shinichiro Miki",Japan,"September 13, 2019",2019,TV-MA,1 Season,"Anime Series, International TV Shows, TV Horror","Ikoma and the Iron Fortress take their fight to the battlegrounds of Unato, joining the alliance to reclaim the region from the kabane horde."
s3537,Movie,Saawan,Farhan Alam,"Karam Hussain, Arif Bahlim, Najiba Faiz, Saleem Mairaj, Imran Aslam, Daniyal Yousuf, Sohail Malik, Ali Hafiz",Pakistan,"September 4, 2019",2016,TV-14,128 min,"Dramas, Independent Movies, International Movies","Outcast from society and left to die in the wilderness, a young boy with polio embarks on a journey to connect with his mother. Based on a true story."
s3554,TV Show,True and the Rainbow Kingdom,,"Michela Luci, Jamie Watson, Anna Claire Bartlam, Dante Zee, Eric Peterson","United States, Canada","August 30, 2019",2019,TV-Y,3 Seasons,Kids' TV,"When something's wrong in the Rainbow Kingdom, bighearted guardian True and her best friend, Bartleby, are there to grant wishes and save the day."
s3571,Movie,Game Over (Telugu Version),Ashwin Saravanan,"Taapsee Pannu, Vinodhini, Parvathi T, Ramya Subramanian, Sanchana Natarajan, Anish Kuruvilla, David Solomon Raja",,"August 21, 2019",2019,TV-MA,98 min,"Horror Movies, International Movies, Thrillers","As a series of murders hit close to home, a video game designer with PTSD must confront her demons, or risk becoming their victim."
s3588,TV Show,Victim Number 8,,"César Mateo, María de Nati, Verónika Moral, Iñaki Ardanaz, Farah Hamed, Lisi Linder, Khaled Kouka, Óscar Zafra, Jesús Ruyman, Alfonso Torregrosa, Itziar Lazkano, Son Khoury, Youssef Bougarouane, Marcial Álvarez",Spain,"August 16, 2019",2018,TV-MA,1 Season,"International TV Shows, Spanish-Language TV Shows, TV Action & Adventure",No one can be trusted after a terrorist bombing in Bilbao kills seven and destroys the lives of the suspected jihadi and everyone around him.
s3605,TV Show,Sintonia,,"Christian Malheiros, Jottapê, Bruna Mascarenhas",Brazil,"August 9, 2019",2019,TV-MA,1 Season,"Crime TV Shows, International TV Shows, TV Dramas","Three teens living in the same São Paulo favela pursue their dreams while maintaining their friendship, amid a world of music, drugs and religion."
s3622,Movie,Screwball,Billy Corben,,United States,"August 6, 2019",2018,TV-MA,105 min,"Documentaries, Sports Movies",A steroid peddler explains how he went from an unlicensed anti-aging expert to the point man for the biggest scandal in baseball history.
s3639,Movie,Eerie,Mikhail Red,"Bea Alonzo, Jake Cuenca, Maxene Magalona, Charo Santos, Mary Joy Apostol, Gabby Padilla, Gillian Vicencio","Philippines, Singapore","July 26, 2019",2019,TV-14,100 min,"Horror Movies, International Movies","When a student's suicide rattles an all-girls Catholic school, a clairvoyant guidance counselor leans on a ghost to uncover the convent's abusive past."
s3656,TV Show,Typewriter,,"Aarna Sharma, Aaryansh Malviya, Mikail Gandhi, Palash Kamble, Jishu Sengupta, Palomi Ghosh, Purab Kohli, Sameer Kochhar, Sara Gesawat",India,"July 19, 2019",2019,TV-MA,1 Season,"International TV Shows, TV Horror, TV Mysteries","Three young friends in Goa plan to search an old villa for ghosts, but when a new family moves in, the home’s buried past resurfaces in chilling ways."
s3673,Movie,Kidnapping Stella,Thomas Sieben,"Max von der Groeben, Jella Haase, Clemens Schick",Germany,"July 12, 2019",2019,TV-MA,90 min,"Dramas, International Movies, Thrillers","Snatched off the street and held for ransom, a bound and gagged woman uses her limited powers to derail her two masked abductors' carefully laid plans."
s3690,TV Show,Bangkok Love Stories: Plead,,"Chanon Santinatornkul, Sutatta Udomsilp, Morakot Liu, Varot Makaduangkeo, Sutthatip Wutichaipradit, Cholsawas Tiewwanichkul, Surapol Poonpiriya, Hattaya Wongkrachang",Thailand,"July 2, 2019",2019,TV-14,1 Season,"International TV Shows, Romantic TV Shows, TV Dramas","In Bangkok's Chinatown, a spirited digital marketing expert falls for a blind fortune-teller, but their love is predestined to end in disaster."
s3707,Movie,La Leyenda del Diamante,Roberto Girault Facha,"Ana Layevska, Alex Sirvent, Paulina Goto, Fernando Estrada, Alejandro Oliva, David Villegas, Xavier Cervantes, Cuauhtémoc Duque, Karyme Lozano, Rodrigo Treviño",Mexico,"June 28, 2019",2017,TV-MA,87 min,"Action & Adventure, International Movies, Sci-Fi & Fantasy","When a gun-toting rebel tries to rescue her kidnapped sister, she finds herself up against a widely feared desperado and a cursed guardian of treasure."
s3724,TV Show,Magi: The Labyrinth of Magic,,"Kaori Ishihara, Yuki Kaji, Haruka Tomatsu, Daisuke Ono, Ryohei Kimura, Yoshimasa Hosoya, Takahiro Sakurai, Showtaro Morikubo, Yui Horie, Tomokazu Sugita",Japan,"June 21, 2019",2013,TV-MA,2 Seasons,"Anime Series, International TV Shows",A land of mysterious ruins and a magical treasure hunt await young Aladdin and his courageous friend Alibaba for the adventure of their lives.
s3741,Movie,Pihu,Vinod Kapri,Pihu Myra Vishwakarma,India,"June 15, 2019",2018,TV-14,90 min,"Dramas, Independent Movies, International Movies","A two-year-old must fend for herself when her mother suddenly passes away while her father is gone for a conference, leaving her prone to danger."
s3758,Movie,The 3rd Eye 2,Rocky Soraya,"Jessica Mila, Bianca Hello, Nabilah Ayu, Sophia Latjuba, Jeremy Thomas",Indonesia,"June 13, 2019",2019,TV-MA,117 min,"Horror Movies, International Movies","Working in an orphanage, Alia meets teen Nadia, who says she hears a strange voice in the walls. When they try to find the source, things go very wrong."
s3775,TV Show,Black Mirror,,"Jesse Plemons, Cristin Milioti, Jimmi Simpson, Rosemarie DeWitt, Douglas Hodge, Andrea Riseborough, Brenna Harding, Owen Teague, Andrew Gower, Kiran Sonia Sawar, Georgina Campbell, Joe Cole, Maxine Peake, Jake Davies, Clint Dyer, Letitia Wright, Babs Olusanmokun, Bryce Dallas Howard, Alice Eve, Michael Kelly, Cherry Jones, Gugu Mbatha-Raw, Mackenzie Davis, Wyatt Russell, Benedict Wong, Kelly Macdonald, Faye Marsay, Madeline Brewer, Hannah John-Kamen, Malachi Kirby, Alex Lawther, Jerome Flynn, James Norton, Rory Kinnear, Lindsay Duncan, Daniel Kaluuya, Jessica Brown Findlay, Rupert Everett, Toby Kebbell, Jodie Whittaker, Hayley Atwell, Domhnall Gleeson, Lenora Crichlow, Michael Smiley, Daniel Rigby, Chloe Pirrie, Jason Flemyng, Jon Hamm, Oona Chaplin, Rafe Spall",United Kingdom,"June 5, 2019",2019,TV-MA,5 Seasons,"British TV Shows, International TV Shows, TV Dramas","This sci-fi anthology series explores a twisted, high-tech near-future where humanity's greatest innovations and darkest instincts collide."
s3792,Movie,Pegasus,Han Han,"Shen Teng, Yin Zheng, Johnny Huang, Zhang Benyu, Yin Fang, Tian Yu, Wei Xiang",China,"May 31, 2019",2019,TV-MA,98 min,"Comedies, Dramas, International Movies","After a five-year suspension, a once-legendary race car driver decides to get back in the game against a new generation of opponents."
s3809,TV Show,1994,Diego Enrique Osorno,,Mexico,"May 17, 2019",2019,TV-MA,1 Season,"Crime TV Shows, Docuseries, International TV Shows","Archival video and new interviews examine Mexican politics in 1994, a year marked by the rise of the EZLN and the assassination of Luis Donaldo Colosio."
s3826,Movie,Backdraft 2,Gonzalo López-Gallego,"Joe Anderson, William Baldwin, Donald Sutherland, Alisha Bailey, Alastair Mackenzie, Dominic Mafham, Jessamine-Bliss Bell, Martin Hutson, Aaron McCusker, Cyril Nri",United States,"May 14, 2019",2019,R,102 min,"Action & Adventure, Dramas","In this sequel to the 1991 film, a determined fire investigator recruits an imprisoned arsonist to help untangle a web of fire, murder and corruption."
s3843,Movie,Gatao 2: Rise of the King,Yen Cheng-kuo,"Collin Chou, Jason Wang, Jack Kao, Tsai Chen-nan, Lu Hsueh-feng, Peng Sun",Taiwan,"May 9, 2019",2018,TV-MA,126 min,"Action & Adventure, Dramas, International Movies","When a zealous gang leader plans to take out a friend-turned-rival for control of his turf, internal tensions complicate the battle to be the boss."
s3860,Movie,All In My Family,Hao Wu,,United States,"May 3, 2019",2019,TV-14,40 min,"Documentaries, LGBTQ Movies","After starting a family of his very own in America, a gay filmmaker documents his loving, traditional Chinese family's process of acceptance."
s3877,TV Show,Angel 'N' Devil,,"Simon Lian, Teddy Chen, Sylvia Wang, Cosmos Lin, Ting Liu, Lucia Chen, Allie Ji, Sunnee Yang, Na Wei-hsun",Taiwan,"April 30, 2019",2014,TV-14,1 Season,"International TV Shows, TV Action & Adventure, TV Comedies","In a world known as the Copper Dimension, a group of high-school girls fights against dark forces – and their own inner demons."
s3894,TV Show,The Hateful Eight: Extended Version,Quentin Tarantino,"Samuel L. Jackson, Kurt Russell, Jennifer Jason Leigh, Walton Goggins, Demián Bichir, Tim Roth, Michael Madsen, Bruce Dern, James Parks",,"April 25, 2019",2015,R,1 Season,TV Shows,"Trapped at a stagecoach stop as a storm rages outside, two bounty hunters and an outlaw face a gallery of rogues. Features never-before-seen footage."
s3911,Movie,Bollywood Calling,Nagesh Kukunoor,"Om Puri, Pat Cusick, Navin Nischol, Perizaad Zorabian",India,"April 15, 2019",2001,TV-MA,102 min,"Comedies, Dramas, International Movies",A down-and-out Hollywood actor is utterly unprepared for the eccentricities that await when an Indian producer offers him a role in a Bollywood film.
s3928,TV Show,New Girl,,"Zooey Deschanel, Jake Johnson, Max Greenfield, Hannah Simone, Lamorne Morris, Damon Wayans Jr.",United States,"April 11, 2019",2018,TV-14,7 Seasons,"Romantic TV Shows, TV Comedies","Still rebounding from a breakup, Jessica Day moves in with three single guys, all of whom are ready to help her understand the ways of the world."
s3945,TV Show,Tijuana,,"Damián Alcázar, Tamara Vallarta, Rolf Petersen, Claudette Maillé, Teté Espinoza, Iván Aragón, Martha Claudia Moreno, Edén Villavicencio, Carlos Corona, Giancarlo Ruiz, Mayra Batalla, Rodrigo Abed, Roberto Mateos, Anabel Ferreira, Roberto Sosa",Mexico,"April 5, 2019",2019,TV-MA,1 Season,"Crime TV Shows, International TV Shows, Spanish-Language TV Shows","When a prominent politician is murdered, the intrepid journalists of Frente Tijuana risk their lives to uncover the truth."
s3962,TV Show,Pablo,,"Jake Williamson, Rachael Dickson, Sumita Majumdar, Michael White, Tony Finnegan, Scott Mulligan, Rosie King",United Kingdom,"March 30, 2019",2017,TV-Y,1 Season,"British TV Shows, Kids' TV","Equipped with crayons and his creativity, a boy with autism draws an imaginary world where his animal pals help him tackle real-life situations."
s3979,Movie,Oversize Cops,"Chanon Yingyong, Phuwanit Pholdee","Sarun Cinsuvapala, Pramote Pathan, Suphachai Subprasert, Somyos Matures, Supavitch Nepremwattana, Nachjaree Horvejkul, Jatupone Chompoonich, Chertsak Pratumseesakhon",Thailand,"March 23, 2019",2017,TV-MA,100 min,"Action & Adventure, Comedies, International Movies","While investigating a bank robbery, a squad of overweight police officers undergoes rigorous training to shed pounds."
s3996,Movie,Alexis Viera: A Story of Surviving,Luis Ara,Alexis Viera,Uruguay,"March 20, 2019",2019,TV-MA,69 min,"Documentaries, International Movies, Sports Movies","After being shot during a robbery in Colombia and losing sensation in his legs, Uruguayan soccer star Alexis Viera finds a new sense of purpose."
s4013,TV Show,My Pride,,"Khaled Amin, Elham Al Fadalah, Fatima Al Safi, Fahad Basim, Farah ElSaraf, Hala",,"March 15, 2019",2018,TV-14,1 Season,"International TV Shows, TV Dramas","After their mother's death, Amal and her brothers struggle to live with their authoritarian father, whose cruelty and neglect break the family apart."
s4030,TV Show,Bangkok Love Stories: Hey You!,,"Wanida Termthanaporn, Isariya Patharamanop, Nontanun Anchuleepradit, Chonnikan Netjui, Attharut Krongrasri, Sumet Ong-Art, Penpak Sirikul, Suppakorn Chaiyo, Thawat Pornrattanaprasert, M.L. Kwantip Devakula, Yingsak Chonglertjetsadawong, Apichet Atirattana, Rika Ishige",,"March 8, 2019",2018,TV-14,1 Season,"International TV Shows, Romantic TV Shows, TV Dramas",A loving couple become rivals when Belle opens a fusion bistro next to her ex-boyfriend Kram’s traditional restaurant in Bangkok’s chic Ari district.
s4047,Movie,Everyday I Love You,Mae Czarina Cruz,"Enrique Gil, Liza Soberano, Gerald Anderson, Aiko Melendez, Carmina Villaroel, Ariel Rivera, Marissa Delgado, Liza Lorena",Philippines,"March 4, 2019",2015,TV-14,124 min,"Dramas, International Movies, Romantic Movies","While patiently waiting for her boyfriend to come out of his coma, Audrey finds herself falling for the caring and successful Ethan."
s4064,TV Show,The Disastrous Life of Saiki K.,,"Hiroshi Kamiya, Daisuke Ono, Nobunaga Shimazaki, Satoshi Hino, Natsuki Hanae, Ai Kayano, Yukari Tamura, Mitsuo Iwata, Rikako Aikawa",Japan,"March 1, 2019",2018,TV-14,3 Seasons,"Anime Series, International TV Shows, Teen TV Shows","High school sophomore Kusuo Saiki swore as a child that he would keep his psychic talents hidden, but his abilities still make his life difficult."
s4081,Movie,Zach Galifianakis: Live at the Purple Onion,Michael Blieden,"Zach Galifianakis, Brian Unger",United States,"February 26, 2019",2006,TV-MA,61 min,Stand-Up Comedy,"The unorthodox, piano-playing stand-up star Zach Galifianakis makes a splash on the scene and serves up a healthy dose of his signature wit."
s4098,Movie,Awe,Prasanth Varma,"Kajal Aggarwal, Nithya Menon, Regina Cassandra, Eesha Rebba, Murli Sharma, Srinivas Avasarala, Priyadarshi Pullikonda",India,"February 15, 2019",2018,TV-MA,111 min,"Dramas, International Movies, Sci-Fi & Fantasy","Disparate characters, including an aspiring time traveler, a phony chef, a drug-addicted waitress and several others, share a surprising connection."
s4115,TV Show,Barbie Dreamhouse Adventures,,"America Young, Kirsten Day, Cassandra Morris, Cassidy Naber, Ritesh Rajan","United States, Canada","February 14, 2019",2018,TV-Y,3 Seasons,Kids' TV,Get to know Barbie and her BFFs – including next-door neighbor Ken – in this animated vlog of adventures filmed inside her family's new dreamhouse.
s4132,TV Show,Violet Evergarden,,"Yui Ishikawa, Takehito Koyasu, Daisuke Namikawa, Aya Endo, Koki Uchiyama, Minori Chihara, Haruka Tomatsu",Japan,"February 5, 2019",2018,TV-14,1 Season,"Anime Series, International TV Shows, Romantic TV Shows","The war is over, and Violet Evergarden needs a job. Scarred and emotionless, she takes a job as a letter writer to understand herself and her past."
s4149,Movie,Love Off the Cuff,Pang Ho-cheung,"Miriam Chin Wah Yeung, Shawn Yue, Paul Chun, Jiang Mengjie, Wang Xiao Chen, Siu Yam Yam, Kwok Cheung Tsang, Toby Lee, Dada Chan, Hugo Ng","China, Hong Kong","January 31, 2019",2017,TV-MA,120 min,"Comedies, Dramas, International Movies",Cherie and Jimmy's relationship is in a rut – until Cherie's estranged father shows up and a woman from Jimmy's past shows up with a hidden agenda.
s4166,Movie,Animas,"Laura Alvea, José Ortuño","Clare Durant, Iván Pellicer, Luis Bermejo, Liz Lobato, Chacha Huang, Ángela Molina","Spain, Belgium","January 25, 2019",2018,TV-MA,88 min,"Horror Movies, International Movies",A teen's eerie visions become increasingly frequent and terrifying after her longtime friend gets a girlfriend and his abusive dad is strangely killed.
s4183,Movie,Soni,Ivan Ayr,"Geetika Vidya Ohlyan, Saloni Batra, Mohinder Gujral, Mohit Chauhan, Vikas Shukla, Gauri Chakraborty, Simrat Kaur, Dimple Kaur",India,"January 18, 2019",2018,TV-MA,97 min,"Dramas, Independent Movies, International Movies","While fighting crimes against women in Delhi, a short-fused policewoman and her level-headed female boss grapple with gender issues in their own lives."
s4200,TV Show,Back with the Ex,,,,"January 11, 2019",2018,TV-MA,1 Season,"International TV Shows, Reality TV, Romantic TV Shows",New beginnings or old baggage? Four singles have one chance to reignite romance with an ex – or leave the past behind for good.
s4217,TV Show,Déjà Vu,,"Mandy Wei, Yao Yuan Hao, Wang Si Ping, Yang Zheng, Jenna Wang, Nylon Chen",,"January 2, 2019",2013,TV-14,1 Season,"International TV Shows, Romantic TV Shows, TV Dramas","After losing everything, a prima ballerina accepts a stranger's offer to dial back time and reclaim what was taken from her – but at a great price."
s4234,Movie,Bill Hicks: Sane Man,"Kevin Booth, David Johndrow",Bill Hicks,United States,"December 31, 2018",1989,TV-MA,81 min,Stand-Up Comedy,"Filmed in 1989 at a turning point in comedian Bill Hicks's career, this rare onstage performance captures him spouting off on a variety of topics."
s4251,TV Show,Pioneers: First Women Filmmakers*,,,,"December 30, 2018",1925,TV-14,1 Season,TV Shows,"This collection restores films from women who tackled hot-button issues, transcended norms, and left a mark on the history of cinema and the industry."
s4268,Movie,Bad Seeds,Kheiron,"Kheiron, Catherine Deneuve, André Dussollier, Louison Blivet, Adil Dehbi, Hakou Benosmane, Youssouff Wague, Mahia Zrouki, Joseph Jovanovic","France, Belgium","December 21, 2018",2018,TV-MA,105 min,"Comedies, Dramas, International Movies","Troubled by his past, a scam artist who runs a petty racket with his adoptive mom finds redemption while mentoring a group of difficult students."
s4285,TV Show,Ellen DeGeneres: Relatable,"Joel Gallen, Tig Notaro",Ellen DeGeneres,United States,"December 18, 2018",2018,TV-MA,1 Season,"Stand-Up Comedy & Talk Shows, TV Comedies","In her first special since 2003, Ellen revisits her road to stardom and details the heartfelt – and hilarious – lessons she's learned along the way."
s4302,Movie,Once in a Lifetime Sessions with Snow Patrol,Matt Askem,"Gary Lightbody, Nathan Connolly, Jonny Quinn, Paul Wilson, Johnny McDaid, Edith Bowman",United States,"December 15, 2018",2018,TV-MA,83 min,"Documentaries, Music & Musicals","In addition to concert scenes and studio recording sessions, this documentary presents exclusive interviews of the five men from the Irish rock band."
s4319,Movie,Free Rein: The Twelve Neighs of Christmas,Marek Losey,"Jaylen Barron, Billy Angel, Manpreet Bambra, Celine Buckens, Freddy Carter, Bruce Herbelin-Earle, Kerry Ingram, Charlotte Jordan, Geoff McGivern, Martin Bobb-Semple",,"December 7, 2018",2018,TV-G,58 min,"Children & Family Movies, Dramas","As Bright Fields preps for its Mistletoe Ball, a broken ornament leads Zoe to a family secret, while Gaby finds herself at the mercy of new boss Mia."
s4336,Movie,Chal Bhaag,Prakash Balwant Saini,"Deepak Dobriyal, Tarun Bajaj, Keeya Khanna, Varun Mehra, Sanjay Mishra, Yashpal Sharma, Mukesh Tiwari, Atul Srivastava, Manish Khanna, Kunwar Aziz",India,"December 1, 2018",2014,TV-14,110 min,"Comedies, Dramas, International Movies",Three petty criminals find themselves in a pickle when police wrongly charge them with the murder of an important politician.
s4353,Movie,Angela's Christmas,Damien O’Connor,"Lucy O'Connell, Ruth Negga, Brendan Mullins, Malachy McCourt, Vivian Drew, Anya O'Connor, Janet Moran, Brian Gleeson, Pat Kinevane","Ireland, Canada","November 30, 2018",2018,TV-Y,30 min,Children & Family Movies,A trip to church with her family on Christmas Eve gives young Angela an extraordinary idea. A heartwarming tale based on a story by Frank McCourt.
s4370,Movie,The Christmas Chronicles,Clay Kaytis,"Kurt Russell, Darby Camp, Judah Lewis, Kimberly Williams-Paisley, Oliver Hudson, Lamorne Morris, Martin Roach",United States,"November 22, 2018",2018,TV-PG,104 min,"Children & Family Movies, Comedies","After accidentally crashing Santa's sleigh, a brother and sister pull an all-nighter to save Christmas with a savvy, straight-talking St. Nick."
s4387,Movie,The Princess Switch,,"Vanessa Hudgens, Sam Palladio, Nick Sagar, Suanne Braun, Mark Fleischmann, Amy Griffiths, Sara Stewart, Pavel Douglas, Robin Soans, Calliope Taylor, Natali Yura, Alexa Adeosun",United States,"November 16, 2018",2018,TV-G,102 min,"Children & Family Movies, Dramas, Romantic Movies","When a down-to-earth Chicago baker and a soon-to-be princess discover they look like twins, they hatch a Christmastime plan to trade places."
s4404,TV Show,Medal of Honor,,"Oliver Hudson, Ben Schwartz, Paul Wesley, Aldis Hodge, Jonny Weston, Joseph Cross, Jake Abel, Derek Mio",United States,"November 9, 2018",2018,TV-MA,1 Season,"Docuseries, TV Dramas","Honoring service members whose courage merited the awarding of a Medal of Honor, this docudrama series re-creates their inspiring true stories."
s4421,Movie,Aagey Se Right,Indrajit Nattoji,"Shreyas Talpade, Kay Kay Menon, Shiv Pandit, Sanjay Sharma, Shenaz Treasury, Mahie Gill",India,"November 1, 2018",2009,TV-14,117 min,"Comedies, International Movies, Music & Musicals","A cop full of self-doubt loses his gun five days before he's due to leave the force, and becomes an unexpected hero as he tries to retrieve it."
s4438,Movie,Gaddar: the Traitor,Amitoj Mann,"Harbhajan Mann, Manpneet Grewal, Ashish Duggal, Girja Shankar, Shavinder Mahal, Rupinder Roopi, Anita Meet, Tarsem Paul, Balkaran Wadding, Bobby Sandhu",India,"November 1, 2018",2015,TV-14,126 min,"Dramas, International Movies, Thrillers",An Indian man who has become a major business mogul in Canada must return to his homeland where he's reviled due to being wrongly branded a traitor.
s4455,Movie,Oye Lucky! Lucky Oye!,Dibakar Banerjee,"Abhay Deol, Paresh Rawal, Neetu Chandra, Archana Puran Singh, Manu Rishi Chadha, Richa Chadda, Anurag Arora, Rajender Sethi, Manjot Singh, Chandan Anand",India,"November 1, 2018",2008,TV-14,118 min,"Comedies, Dramas, International Movies","Starting as a petty thief, a man rises to become one of the city's biggest operators and carves out the kind of lifestyle he'd once only dreamed of."
s4472,Movie,Been So Long,Tinge Krishnan,"Michaela Coel, Arinzé Kene, George MacKay, Ashley Thomas, Joe Dempsie, Ronke Adekoluejo, Luke Norris, Mya Lewis",,"October 26, 2018",2018,TV-MA,100 min,"Dramas, International Movies, Music & Musicals",A single mother in London's Camden Town hears music when she meets a handsome stranger with a past. But she's not sure she's ready to open her heart.
s4489,TV Show,Ask the Doctor,,"Shalin Naik, Renee Lim, Sandro Demaio",Australia,"October 19, 2018",2017,TV-PG,1 Season,"Docuseries, International TV Shows, Science & Nature TV","From allergies to diet to sleep, three friendly doctors share expert advice, bust medical myths and test the latest treatments."
s4506,Movie,"Ron White: If You Quit Listening, I'll Shut Up",Tom Forrest,Ron White,United States,"October 16, 2018",2018,TV-MA,63 min,Stand-Up Comedy,"Ron “Tater Salad” White dishes out his signature brand of cynicism, riffing on sex, celebrity and the sinister habits of wild geese."
s4523,Movie,22 July,Paul Greengrass,"Anders Danielsen Lie, Jon Øigarden, Jonas Strand Gravli, Ola G. Furuseth, Maria Bock, Thorbjørn Harr, Jaden Smith","Norway, Iceland, United States","October 10, 2018",2018,R,144 min,"Dramas, Thrillers","After devastating terror attacks in Norway, a young survivor, grieving families and the country rally for justice and healing. Based on a true story."
s4540,Movie,Death Race: Beyond Anarchy,Don Michael Paul,"Zach McGowan, Danny Glover, Frederick Koehler, Danny Trejo, Christine Marzano, Cassie Clare, Yennis Cheung, Lucy Aarden","United States, Bulgaria","October 2, 2018",2017,R,111 min,Action & Adventure,"An ex-racecar driver is sent to a barbaric prison where, to get pardoned, he must defeat the inmate known as Frankenstein in a lethal ""Death Race."""
s4557,Movie,25 Kille,Simranjit Singh Hundal,"Guggu Gill, Yograj Singh, Sonia Mann, Jimmy Sharma, Sapna Bassi, Lakha Lakhwinder Singh, Sandeep Kaur Sandy, Sardar Sohi",India,"October 1, 2018",2016,TV-14,140 min,"Action & Adventure, Dramas, International Movies","Four brothers learn that they have inherited ancestral land, but must fight to claim it when a greedy feudal lord threatens to take it over."
s4574,Movie,Jodhaa Akbar,Ashutosh Gowariker,"Hrithik Roshan, Aishwarya Rai Bachchan, Sonu Sood, Poonam Sinha, Suhasini Mulay, Ila Arun, Raza Murad, Kulbhushan Kharbanda, Abeer Abrar",India,"October 1, 2018",2008,TV-14,214 min,"Action & Adventure, Dramas, International Movies","In 16th-century India, what begins as a strategic alliance between a Mughal emperor and a Hindu princess becomes a genuine opportunity for true love."
s4591,Movie,My Little Pony Equestria Girls: Rollercoaster of Friendship,Ishi Rudell,"Ashleigh Ball, Andrea Libman, Rebecca Shoichet, Tabitha St. Germain, Tara Strong, Tegan Moss","United States, Canada","October 1, 2018",2018,TV-Y,44 min,Children & Family Movies,"Rarity gets a summer job at Equestria Land, making Applejack feel jealous. But when their friends start vanishing, they must work together to find them."
s4608,Movie,Theeya Velai Seyyanum Kumaru,Sundar C.,"Siddarth, Santhanam, Hansika Motwani, Ganesh Venkatraman, RJ Balaji, Bosskey, Manobala, Chitra Lakshmanan",India,"October 1, 2018",2013,TV-PG,132 min,"Comedies, International Movies, Music & Musicals","When shy Kumar gets stuck on the losing end of a love triangle, the Love Doctor, Mokia, has a strategy for Kumar to win the love of his life."
s4625,Movie,The 3rd Eye,Rocky Soraya,"Jessica Mila, Denny Sumargo, Citra Prima, Bianca Hello, Epy Kusnandar, Anita Hara, Derry Drajat, Voke Victoria, Shofia Shireen, Afdhal Yusman",Indonesia,"September 28, 2018",2018,TV-MA,108 min,"Horror Movies, International Movies","When her little sister claims she sees the dead, Alia consults a psychic, who opens her own eyes to the vengeful ghosts haunting their childhood home."
s4642,Movie,The Angel,Ariel Vromen,"Marwan Kenzari, Hannah Ware, Toby Kebbell, Waleed Zuaiter, Maisa Abd Elhadi, Sasson Gabai, Mickey Leon, Ori Pfeffer, Slimane Dazi","Israel, United States","September 14, 2018",2018,TV-MA,114 min,"Dramas, International Movies, Thrillers","As his country prepares for war, top Egyptian official Ashraf Marwan makes contact with Israel and wades into a shadowy game of high-stakes espionage."
s4659,TV Show,Stretch Armstrong & the Flex Fighters,,"Scott Menville, Steven Yeun, Ogie Banks, Wil Wheaton, Keith David, Miguel Ferrer, David Kaye, Kate Mulgrew, Nazneen Contractor, Felicia Day",United States,"September 7, 2018",2018,TV-Y7,2 Seasons,Kids' TV,Jake Armstrong and his best friends are unexpectedly transformed into superheroes who learn to reach far beyond the limits of any ordinary teenager.
s4676,Movie,The Laws of Thermodynamics,Mateo Gil,"Vito Sanz, Berta Vázquez, Chino Darín, Vicky Luengo, Andrea Ros, Irene Escolar, Josep Maria Pou, Daniel Sánchez Arévalo",Spain,"August 31, 2018",2018,TV-MA,101 min,"Comedies, International Movies, Romantic Movies","A physicist uses the laws of thermodynamics to describe romance and relationships, but his theories prove faulty when it comes to his own love life."
s4693,Movie,Mom,Ravi Udyawar,"Sridevi, Akshaye Khanna, Sajal Ali, Nawazuddin Siddiqui, Adnan Siddiqui, Pitobash, Abhimanyu Singh, Vikas Verma",India,"August 21, 2018",2017,TV-14,139 min,"Dramas, International Movies, Thrillers","After her stepdaughter is sexually assaulted at a party, a furious mother sets out to destroy the lives of the four perpetrators who walked away free."
s4710,TV Show,The Originals,,"Joseph Morgan, Daniel Gillies, Phoebe Tonkin, Charles Michael Davis, Leah Pipes, Danielle Campbell, Claire Holt, Steven Krueger",United States,"August 9, 2018",2018,TV-14,5 Seasons,"TV Dramas, TV Horror, TV Mysteries","The Mikaelsons move to New Orleans and form an alliance with local witches in an effort to rule the city once again in this ""Vampire Diaries"" spinoff."
s4727,Movie,Highway,Imtiaz Ali,"Randeep Hooda, Alia Bhatt, Durgesh Kumar, Pradeep Nagar",India,"August 2, 2018",2014,TV-14,127 min,"Action & Adventure, Dramas, International Movies","City girl Veera is kidnapped on the eve of her wedding, but as her captors take her through the countryside, Veera finds herself feeling emancipated."
s4744,TV Show,A Very Secret Service,,"Hugo Becker, Wilfred Benaïche, Christophe Kourotchkine, Karim Barras, Bruno Paviot, Jean-Édouard Bodziak, Mathilde Warnier, Joséphine de La Baume, Marie-Julie Baup, Antoine Gouy, Julie Farenc",France,"July 30, 2018",2018,TV-MA,2 Seasons,"International TV Shows, TV Comedies","At the height of the Cold War in 1960, André Merlaux joins the French Secret Service and contends with enemies both foreign and bureaucratic."
s4761,Movie,Duck Duck Goose,Chris Jenkins,"Jim Gaffigan, Zendaya, Lance Lim, Greg Proops, Reggie Watts, Carl Reiner, Jennifer Grey, Stephen Fry, Diedrich Bader, Natasha Leggero, Craig Ferguson, Rick Overton","China, United States, United Kingdom","July 20, 2018",2018,PG,92 min,"Children & Family Movies, Comedies","As his flock's annual migration nears, a carefree goose is grounded with an injury and takes a pair of lost ducklings under his wing."
s4778,TV Show,Baby Ballroom,,"Warren Bullock, Jane Bullock",United Kingdom,"July 10, 2018",2018,TV-MA,2 Seasons,"British TV Shows, International TV Shows, Reality TV","Step into the cutthroat world of kids' ballroom dancing, where ambitious instructors, proud parents and pint-sized performers waltz to win."
s4795,Movie,Duck Butter,Miguel Arteta,"Alia Shawkat, Laia Costa, Mae Whitman, Hong Chau, Kate Berlant, Lindsay Burdge, Kumail Nanjiani, Mark Duplass, Jay Duplass, Jenny O'Hara",United States,"July 1, 2018",2018,TV-MA,94 min,"Dramas, Independent Movies, LGBTQ Movies","Wary of dishonesty in relationships, two young women embark on a 24-hour experiment on intimacy, but their romance flounders as the clock winds down."
s4812,Movie,Recovery Boys,Elaine McMillion Sheldon,,United States,"June 29, 2018",2018,TV-MA,90 min,Documentaries,"In a region ravaged by opioid abuse, four young men in a farming-based rehab forge a bond as they try to reinvent their lives after years of addiction."
s4829,Movie,Set It Up,Claire Scanlon,"Zoey Deutch, Glen Powell, Lucy Liu, Taye Diggs, Meredith Hagner, Pete Davidson, Tituss Burgess",United States,"June 15, 2018",2018,TV-MA,106 min,"Comedies, Romantic Movies","In desperate need of a break from the office, two beleaguered assistants team up to trick their workaholic bosses into falling in love."
s4846,TV Show,Arrested Development,,"Jason Bateman, Portia de Rossi, Will Arnett, Michael Cera, Alia Shawkat, Tony Hale, David Cross, Jeffrey Tambor, Jessica Walter, Ron Howard",United States,"May 29, 2018",2019,TV-MA,5 Seasons,TV Comedies,"It's the Emmy-winning story of a wealthy family that lost everything, and the one son who had no choice but to keep them all together."
s4863,TV Show,Saint Seiya: The Lost Canvas,,"Tetsuya Kakihara, Hiro Shimono, Aya Hirano, Atsushi Abe, Sanae Kobayashi, Kenta Miyake, Tomohiro Tsuboi, Nana Mizuki, Shigeru Chiba",Japan,"May 15, 2018",2009,TV-MA,1 Season,"Anime Series, International TV Shows",This anime adventure follows the battle between a saint of Athena and an avatar of Hades who's working on a painting that could destroy the world.
s4880,TV Show,Kong: King of the Apes,,"Lee Tockar, Sam Vincent, Alessandro Juliani, Tabitha St. Germain, Kathleen Barr, Viv Leacock, Shannon Chan-Kent, Vincent Tong","United States, Japan, Canada","May 4, 2018",2018,TV-Y7,2 Seasons,Kids' TV,"In 2050, an evil scientist is about to unleash an army of robotic dinosaurs. Now it's up to Kong and friends to fight back and save the day."
s4897,Movie,Pocoyo Halloween: Spooky Movies,,"Stephen Fry, Montana Smedley",,"May 1, 2018",2014,TV-Y,22 min,Movies,"Pocoyo finds a special toy and plays new games with his friends, then they’re spooked by a scary box and try to find out who’s inside."
s4914,TV Show,Trio and a Bed,,"Annabelle Kong, Amber Chia, Carmen Soo, Danny Wan, Daniel Tan, Jeffrey Cheng",,"April 27, 2018",2016,TV-PG,1 Season,"International TV Shows, Romantic TV Shows, TV Comedies","After graduation, three women from distinct backgrounds find themselves in the real world, facing the challenges of work, romance and unexpected fame."
s4931,TV Show,The Magic School Bus Rides Again,,"Kate McKinnon, Miles Koseleci-Vieira, Mikaela Blake, Gabby Clarke, Leke Maceda-Rustecki, Matthew Mintz, Lynsey Pham, Birva Pandya, Kaden Stephen, Lily Tomlin",United States,"April 13, 2018",2018,TV-Y,2 Seasons,Kids' TV,"Ms. Frizzle's kid sister Fiona takes the wheel at Walkerville Elementary, leading the class on wild adventures packed with science-fueled fun."
s4948,Movie,A Sort of Family,Diego Lerman,"Bárbara Lennie, Daniel Aráoz, Claudio Tolcachir, Paula Cohen, Yanina Ávila","Argentina, Brazil, France, Poland, Germany, Denmark","April 1, 2018",2017,TV-14,96 min,"Dramas, International Movies, Thrillers",An Argentine doctor faces legal and ethical challenges when she travels to the countryside to pick up the infant she has been waiting to adopt.
s4965,TV Show,Trailer Park Boys,,"Mike Smith, John Paul Tremblay, Robb Wells, John Dunsworth, Patrick Roach, Cory Bowles, Lucy Decoutere, Barrie Dunn, Sarah Dunsworth, Jeanna Harrison, Michael Jackson, Garry James, Tyrone Parsons, Shelley Thompson, Jonathan Torrens",Canada,"March 30, 2018",2018,TV-MA,12 Seasons,"Classic & Cult TV, Crime TV Shows, International TV Shows",Follow the booze-fueled misadventures of three longtime pals and petty serial criminals who run scams from their Nova Scotia trailer park.
s4982,Movie,Yoo Byung Jae: Too Much Information,Yoo Byung-jae,Yoo Byung-jae,,"March 16, 2018",2018,TV-MA,63 min,Stand-Up Comedy,"""Saturday Night Live Korea"" writer-turned-comedian Yoo Byung-jae lays bare his childhood memories and philosophy on sex in his first stand-up venture."
s4999,Movie,Gad Elmaleh: American Dream,Michael Simon,Gad Elmaleh,United States,"March 6, 2018",2018,TV-14,58 min,Stand-Up Comedy,"In his first English-language special, comedian Gad Elmaleh gleefully digs into America's food obsessions, dating culture, slang and more."
s5016,Movie,Swearnet Live,"Mike Smith, John Paul Tremblay, Robb Wells","Mike Smith, John Paul Tremblay, Robb Wells, John Dunsworth, Pat Roach, Leigh MacInnis, Luke Gordon",Canada,"March 1, 2018",2014,TV-MA,75 min,"Comedies, International Movies","""Trailer Park Boys"" John Paul Tremblay, Robb Wells and Mike Smith host this foulmouthed live kick-off of their Web-based Swearnet network."
s5033,TV Show,The Frankenstein Chronicles,,"Sean Bean, Tom Ward, Richie Campbell, Vanessa Kirby, Ed Stoppard, Ryan Sampson, Robbie Gee, Anna Maxwell Martin, Elliot Cowan, Charlie Creed-Miles, Eloise Smyth, Samuel West",United Kingdom,"February 20, 2018",2017,TV-MA,2 Seasons,"British TV Shows, Crime TV Shows, International TV Shows","A detective tracks what seems to be a killer with a taste for dismemberment in 1827 London, but the case leads in a far more terrifying direction."
s5050,Movie,Kavin Jay: Everybody Calm Down!,Michael McKay,Kavin Jay,,"February 2, 2018",2018,TV-MA,53 min,Stand-Up Comedy,"On a mission to defy stereotypes, Malaysian stand-up comedian Kavin Jay shares stories about growing up in the VHS era with his Singapore audience."
s5067,Movie,Ricardo Quevedo: Hay gente así,"Raúl Campos, Jan Suter",Ricardo Quevedo,Colombia,"January 24, 2018",2018,TV-MA,59 min,Stand-Up Comedy,"Droll comic Ricardo Quevedo hits Bogotá with a set that touches on embarrassing misunderstandings, sex talk, the thrill of being scared and more."
s5084,Movie,Milada,David Mrnka,"Ayelet Zurer, Robert Gant, Vica Kerekes, Aňa Geislerová, Ivana Chýlková, Vladimír Javorský, Dagmar Bláhová, Jaromír Dulava, Martin Pechlát, Brian Caspe","Czech Republic, United States","January 12, 2018",2017,TV-14,124 min,"Dramas, International Movies",Politician and human rights campaigner Milada Horáková battles against all odds to defend her beliefs in a Czechoslovakia under Communist rule.
s5101,TV Show,Dave Chappelle: Equanimity & The Bird Revelation,Stan Lathan,Dave Chappelle,United States,"December 31, 2017",2017,TV-MA,1 Season,"Stand-Up Comedy & Talk Shows, TV Comedies","Comedy titan Dave Chappelle caps a wild year with two stand-up specials packed with scorching new material, self-reflection and tough love."
s5118,Movie,Russell Howard: Recalibrate,Peter Orton,Russell Howard,United Kingdom,"December 19, 2017",2017,TV-MA,69 min,Stand-Up Comedy,"Self-deprecating comic Russell Howard plows ahead through politics, porn, social media and his own shortcomings. Yet he somehow keeps it positive."
s5135,Movie,Craig Ferguson: Tickle Fight,Jay Chapman,Craig Ferguson,United States,"December 5, 2017",2017,TV-MA,67 min,Stand-Up Comedy,"Cheeky comic Craig Ferguson keeps it casual as he discusses '70s porn, Japanese toilets and his mildly crime-filled days as a talk show host."
s5152,Movie,Poster Boys,Shreyas Talpade,"Sunny Deol, Bobby Deol, Shreyas Talpade, Sonali Kulkarni, Tripti Dimri, Samiksha Bhatnagar, Lovely Singh, Purnima Varma",India,"November 27, 2017",2017,PG-13,128 min,"Comedies, International Movies","Three men are stunned to find their faces on a poster promoting vasectomies, and must prove to their upset loved ones that they're innocent victims."
s5169,TV Show,Shot in the Dark,,,United States,"November 17, 2017",2017,TV-MA,1 Season,Reality TV,"Three rival freelance stringers scour the streets at night to film crime scenes, fires, accidents – and anything else they can sell to news outlets."
s5186,TV Show,Alias Grace,,"Sarah Gadon, Edward Holcroft, Paul Gross, Anna Paquin, Rebecca Liddiard, Zachary Levi, Kerr Logan, David Cronenberg",Canada,"November 3, 2017",2017,TV-MA,1 Season,"Crime TV Shows, International TV Shows, TV Dramas","In 19th-century Canada, a psychiatrist weighs whether a murderess should be pardoned due to insanity. Based on Margaret Atwood's award-winning novel."
s5203,Movie,Strange Weather,Katherine Dieckmann,"Holly Hunter, Carrie Coon, Kim Coates, Shane Jacobsen, Andrene Ward-Hammond, Allene Quincy, Glenne Headly",United States,"October 26, 2017",2016,R,91 min,"Dramas, Independent Movies","A grieving mother takes a road trip with her friend to confront the man who, she believes, stole her late son's business idea to get rich."
s5220,TV Show,Seven and Me,,"Leila Jolene, Flavio Parenti, Josefin Asplund",France,"October 15, 2017",2017,TV-Y,1 Season,Kids' TV,A little girl discovers she’s the modern-day descendant of Snow White when seven dwarfs arrive at her suburban home to serve as her guardian angels.
s5237,TV Show,Beyblade Burst,,"Marina Inoue, Junya Enoki, Fumihiro Okabayashi, Tsubasa Yonaga, Ayahi Takagaki, Yu Kobayashi",Japan,"October 1, 2017",2016,TV-Y7,1 Season,"Anime Series, Kids' TV","Middle schooler Valt Aoi, with his Beyblade Valtryek, faces off against friends, classmates and rivals to become the world's number one Blader."
s5254,Movie,Long Shot,Jacob LaMendola,,United States,"September 29, 2017",2017,TV-14,40 min,Documentaries,"When Juan Catalan is arrested for a murder he didn't commit, he builds his case for innocence around raw footage from a popular TV show. A documentary."
s5271,Movie,First They Killed My Father,Angelina Jolie,"Sreymoch Sareum, Kompheak Phoeung, Socheata Sveng, Dara Heng, Sothea Khoun, Sreyneang Oun, Kimhak Mun, Chenda Run, Nika Sarun, Nita Sarun","Cambodia, United States","September 15, 2017",2017,TV-MA,137 min,Dramas,A 5-year-old girl embarks on a harrowing quest for survival amid the sudden rise and terrifying reign of the Khmer Rouge in Cambodia.
s5288,TV Show,The Vampire Diaries,,"Nina Dobrev, Paul Wesley, Ian Somerhalder, Steven R. McQueen, Sara Canning, Kat Graham, Candice King, Zach Roerig, Michael Trevino, Matthew Davis, Joseph Morgan",United States,"September 4, 2017",2016,TV-14,8 Seasons,"TV Dramas, TV Mysteries, TV Sci-Fi & Fantasy","Trapped in adolescent bodies, feuding vampire brothers Stefan and Damon vie for the affection of captivating teenager Elena."
s5305,Movie,Mujrim,Umesh Mehra,"Mithun Chakraborty, Madhuri Dixit, Suresh Oberoi, Shakti Kapoor, Pallavi Joshi, Gulshan Grover, Amrish Puri, Nutan, Jagdeep, Sharat Saxena",India,"September 1, 2017",1989,TV-14,163 min,"Action & Adventure, Dramas, International Movies","Jailed as a teenager, Shankar has been unable to stay on the right side of the law ever since, despite his wife's pleas and his mother's rejection."
s5322,TV Show,Marvel's The Defenders,,"Charlie Cox, Krysten Ritter, Mike Colter, Finn Jones, Sigourney Weaver, Elodie Yung, Elden Henson, Jessica Henwick, Simone Missick, Rachael Taylor, Deborah Ann Woll, Rosario Dawson, Carrie-Anne Moss, Eka Darville, Scott Glenn",United States,"August 18, 2017",2017,TV-MA,1 Season,"Crime TV Shows, TV Action & Adventure, TV Dramas","Daredevil, Jessica Jones, Luke Cage and Iron Fist join forces to take on common enemies as a sinister conspiracy threatens New York City."
s5339,Movie,Baahubali: The Beginning (Malayalam Version),S.S. Rajamouli,"Prabhas, Rana Daggubati, Anushka Shetty, Tamannaah Bhatia, Sathyaraj, Nassar, Ramya Krishnan, Sudeep",,"August 7, 2017",2015,TV-14,160 min,"Action & Adventure, Dramas, International Movies",Villagers in the kingdom of Mahismati rescue a baby who is destined to embark on a heroic quest in this Malayalam version of S.S. Rajamouli's epic.
s5356,TV Show,Locust,,"Pyotr Fyodorov, Paulina Andreeva, Dmitry Shevchenko, Aleksey Gorbunov, Evgeniya Dmitrieva, Maksim Pinsker",Russia,"August 1, 2017",2014,TV-MA,1 Season,"Crime TV Shows, International TV Shows, Romantic TV Shows","A torrid affair between a passionate lowborn poet and a wealthy Moscow heiress is engulfed by class difference, criminality and, eventually, murder."
s5373,TV Show,Ari Shaffir: Double Negative,Eric Abrams,Ari Shaffir,United States,"July 18, 2017",2017,TV-MA,1 Season,Stand-Up Comedy & Talk Shows,"Wry yet thoughtful, comedian Ari Shaffir brings his edgy humor to two fast-paced stand-up specials about children and adulthood."
s5390,Movie,A 2nd Chance,Clay Glen,"Nina Pearce, Adam Tuominen, Emily Morris, Amy Handley, Carmel Johnson, Alanah Gilbert, Hapi Murphy, Lilly Blacker, Julie Kay Lumasag, Elysia Markou",Australia,"July 1, 2017",2011,PG,95 min,"Children & Family Movies, Dramas, Sports Movies","A gymnast lacks the confidence she needs to reach the top. But with the help of her new coach, she has the chance to win a spot on the national team."
s5407,TV Show,Unriddle,,"Rui En, Chen Liping, Tay Ping Hui, Andie Chen, Xiang Yun, Joshua Ang, Zhou Ying",Singapore,"July 1, 2017",2012,TV-14,2 Seasons,"Crime TV Shows, International TV Shows, TV Dramas","When a hard-nosed detective reluctantly partners with an informant to solve complex cases, she uncovers links to a particularly puzzling cold case."
s5424,Movie,Puss in Book: Trapped in an Epic Tale,"Roy Burdine, Johnny Castuciano","Eric Bauza, Jayma Mays, Maria Bamford, Jeff Bennett, Grey Griffin, Carla Jimenez, Paul Rugg, Joshua Rush",United States,"June 20, 2017",2017,TV-Y7,24 min,"Children & Family Movies, Comedies","After tumbling into a magic storybook, Puss in Boots must fight, dance and romance his way through wild adventures as he searches for an escape."
s5441,Movie,Shimmer Lake,Oren Uziel,"Benjamin Walker, Rainn Wilson, Rob Corddry, Adam Pally, Ron Livingston, John Michael Higgins, Wyatt Russell, Stephanie Sigman, Mark Rendall, Isabel Dove, Angela Vint","Canada, United States","June 9, 2017",2017,TV-MA,87 min,"Dramas, Independent Movies, Thrillers","Unfolding in reverse time, this darkly comic crime thriller follows a local sheriff hunting three bank robbery suspects, one of whom is his brother."
s5458,TV Show,Mind Game,,"Tay Ping Hui, Joanne Peh, Zhang Yaodong, Paige Chua, Akit Tay",Singapore,"June 1, 2017",2015,TV-14,1 Season,"Crime TV Shows, International TV Shows, TV Dramas","With the help of a cop, a psychologist and a woman who can foretell the future, a brilliant paralegal works to solve an array of perplexing mysteries."
s5475,Movie,Arès,Jean-Patrick Benes,"Ola Rapace, Micha Lescot, Thierry Hancisse, Hélène Fillières, Ruth Vega Fernandez, Louis-Do de Lencquesaing, Eva Lallier, Emilie Gavois-Kahn",France,"May 23, 2017",2016,TV-MA,80 min,"Action & Adventure, International Movies, Sci-Fi & Fantasy",A futuristic France tries to keep its people from despair and rebellion over crippling poverty by engaging them with a violent TV competition show.
s5492,Movie,Sahara,Pierre Coré,"Robert Naylor, Angela Galuppo, Daniel Brochu, Mark Hauser, Andrew Shaver, Mathew Mackay, Richard Dumont, Brady Moffatt, Rick Jones, Nadia Verrucci, Sonja Ball","France, Canada","May 12, 2017",2017,TV-Y7,86 min,Children & Family Movies,"When his new love is captured by an evil snake charmer, a young cobra and his scorpion best friend set out across the desert on a wild rescue mission."
s5509,Movie,Casting JonBenet,Kitty Green,,"United States, Australia, China","April 28, 2017",2017,TV-14,81 min,Documentaries,Local actors from JonBenet Ramsey's hometown offer multiple perspectives on her 1996 murder as they vie to play roles in a dramatization of the case.
s5526,Movie,Lucas Brothers: On Drugs,Jay Chapman,"Keith Lucas, Kenny Lucas",United States,"April 18, 2017",2017,TV-MA,50 min,Stand-Up Comedy,"Deadpan twin comics Keith and Kenny Lucas take the stage in Brooklyn with a set that touches on drugs, race, Deion Sanders, teachers and O.J. Simpson."
s5543,TV Show,Burned Cocoon,,"Yavuz Bingöl, Basak Köklükaya, Çolpan Ilhan, Mustafa Alabora, Sedef Avcı, Ayça İnci, Tuncer Necmioğlu, Serdar Özer",Turkey,"April 1, 2017",2005,TV-MA,1 Season,"International TV Shows, TV Dramas","A secret marriage unites two families – one wealthy and traditional, the other bankrupt and modern – and is threatened by the resulting conflicts."
s5560,Movie,Felipe Neto: My Life Makes No Sense,Diego Pignataro,Felipe Neto,Brazil,"March 24, 2017",2017,TV-MA,91 min,Stand-Up Comedy,"YouTube sensation Felipe Neto brings the stories from his autobiographical book ""Não Faz Sentido!"" to the stage in this comedy special."
s5577,Movie,Jim Norton: Mouthful of Shame,Shannon Hartman,Jim Norton,United States,"March 14, 2017",2017,TV-MA,62 min,Stand-Up Comedy,"In this unrestricted jaunt through a gleefully filthy mind, comic Jim Norton offers a personal perspective on romance, desire and sexual proclivities."
s5594,TV Show,Love Me As I Am,,"Alper Saldıran, Zeynep Çamcı, Burcu Altın, Umut Kurt, Eda Ece, Ozan Osmanpaşaoğlu, Mert Turak, Burcu Biricik, Yusuf Akgün, Selen Uçer",Turkey,"February 22, 2017",2015,TV-PG,3 Seasons,"International TV Shows, Romantic TV Shows, TV Comedies","After wealthy college boy Ömer and lower class college girl Aysem fall in love and quickly marry, they learn that love and life aren't always perfect."
s5611,Movie,David Brent: Life on the Road,Ricky Gervais,"Ricky Gervais, Doc Brown, Tom Basden, Jo Hartley, Tom Bennett, Andrew Brooke, Nina Sosanya, Andy Burrows, Kevin Bishop, Roisin Conaty, Diane Morgan, Ashley McGuire, Alexander Arnold, Mandeep Dhillon","United Kingdom, United States","February 10, 2017",2016,TV-MA,97 min,"Comedies, International Movies, Music & Musicals","With ""The Office"" long in the past, middling salesman David Brent ditches work and goes on tour with his rock band in a disastrous stab at stardom."
s5628,Movie,Cristela Alonzo: Lower Classy,Marcus Raboy,Cristela Alonzo,United States,"January 24, 2017",2017,TV-MA,67 min,Stand-Up Comedy,"The irrepressible Alonzo skewers Latino stereotypes, pricey luxuries and her mother's tough-love parenting in a night of sly and infectious comedy."
s5645,Movie,Rampage: President Down,Uwe Boll,"Brendan Fletcher, Steve Baran, Ryan McDonell, Scott Patey, Loretta Walsh, Zain Meghji, Crystal Lowe",Canada,"January 5, 2017",2016,TV-MA,100 min,"Action & Adventure, International Movies","Lone-wolf vigilante Bill Williamson is back, taking aim at the U.S. government and eluding the pursuit of two FBI agents who are on his trail."
s5662,Movie,Barry,Vikram Gandhi,"Devon Terrell, Anya Taylor-Joy, Jason Mitchell, Ashley Judd, Jenna Elfman, Ellar Coltrane, Avi Nash, Linus Roache, John Benjamin Hickey",United States,"December 16, 2016",2016,TV-MA,105 min,Dramas,"A young Barack Obama forges his identity while dealing with race, divergent cultures and ordinary life as a New York City college student."
s5679,Movie,Ricardo O'Farrill: Abrazo navideño,"Raúl Campos, Jan Suter","Ricardo O'Farrill, Carlos Ballarta, Sofía Niño de Rivera, Chumel Torres, Marissa ""Chabe"" Lozano",Mexico,"December 12, 2016",2016,TV-MA,31 min,Stand-Up Comedy,"The expressive Ricardo O'Farrill uses his astute comedic sensibilities to tease Christmas traditions, and not even Santa Claus escapes unscathed."
s5696,Movie,#Rucker50,Robert McCullough Jr.,,United States,"December 1, 2016",2016,TV-PG,56 min,"Documentaries, Sports Movies",This documentary celebrates the 50th anniversary of the Harlem sports program that has inspired countless city kids to become pro basketball players.
s5713,Movie,Donald Glover: Weirdo,"Shannon Hartman, Michelle Caputo",Donald Glover,United States,"November 19, 2016",2012,TV-MA,65 min,Stand-Up Comedy,"Fearlessly funny stand-up comic and sitcom star Donald Glover puts on a live show in New York, confessing his love for Cocoa Puffs and Toys ""R"" Us."
s5730,TV Show,Love Around,,"George Hu, Annie Chen, Mandy Tao, Jack Lee, Tan Ai-Chen, Jian Chang, Wang Chuan",Taiwan,"November 1, 2016",2013,TV-14,1 Season,"International TV Shows, Romantic TV Shows, TV Comedies","After a chance meeting at a ballpark, the kind son of a former gangster tries to help an outgoing radio DJ get over her recent heartbreak."
s5747,Movie,A Mighty Team,Thomas Sorriaux,"Gérard Depardieu, Chantal Lauby, Medi Sadoun, Ilian Bergala, Blanche Gardin, Patrick Timsit, Barbara Cabrita, Jean Dell, Thomas Vandenberghe, Théo Fernandez, Léa Lopez",France,"October 15, 2016",2016,TV-MA,97 min,"Comedies, International Movies, Sports Movies","When a fit of anger leads to a serious injury, a sidelined soccer star returns to his hometown and reluctantly agrees to train the local youth."
s5764,TV Show,Be with You,,"Bobby Dou, Peijia Huang, Nylon Chen, Vivi Lee, Edison Wang, Serena Fang",Taiwan,"October 1, 2016",2015,TV-14,1 Season,"International TV Shows, Romantic TV Shows, TV Dramas","After reconnecting with their girlhood crushes, two sisters find their lives turned upside down by surprising revelations and romantic intrigue."
s5781,Movie,Welcome Mr. President,Riccardo Milani,"Claudio Bisio, Kasia Smutniak, Beppe Fiorello, Remo Girone, Massimo Popolizio, Cesare Bocci, Omero Antonutti, Michele Alhaique, Franco Ravera, Patrizio Rispo, Piera Degli Esposti, Gianni Cavina",Italy,"October 1, 2016",2013,TV-MA,99 min,"Comedies, International Movies","When frustrated politicians name a historical figure as the next president, an honest, humble man by the same name suddenly becomes Italy's leader."
s5798,Movie,Extremis,Dan Krauss,,United States,"September 13, 2016",2016,TV-PG,25 min,Documentaries,"Witness the wrenching emotions that accompany end-of-life decisions as doctors, patients and families in a hospital ICU face harrowing choices."
s5815,Movie,Real Crime: Supermarket Heist (Tesco Bomber),,,United Kingdom,"August 15, 2016",2010,TV-14,46 min,Documentaries,"In 2000, U.K. detectives spent months tracking a criminal known only as Sally, who was targeting a supermarket chain with extortion and letter bombs."
s5832,Movie,Tony Robbins: I Am Not Your Guru,Joe Berlinger,Tony Robbins,United States,"July 15, 2016",2016,TV-MA,117 min,Documentaries,Tony Robbins' clients swear by his unorthodox life coaching methods. A revealing film goes behind the curtain at his annual mega-event.
s5849,Movie,Special Correspondents,Ricky Gervais,"Eric Bana, Ricky Gervais, Vera Farmiga, Kelly Macdonald, Kevin Pollak, America Ferrera, Raúl Castillo, Benjamin Bratt","Canada, United Kingdom, United States","April 29, 2016",2016,TV-MA,101 min,Comedies,"When they lose their passports, a bickering radio team invents phony reports from a combat zone in a ruse that becomes increasingly complicated."
s5866,Movie,Marvel Super Hero Adventures: Frost Fight!,Mitch Schauer,"Mick Wingert, Matthew Mercer, Travis Willingham, Fred Tatasciore, Grey DeLisle, Troy Baker, Antony Del Rio, Trevor Devall, Kevin Michael Richardson, Steve Blum, Jane Singer",United States,"February 24, 2016",2015,PG,74 min,"Children & Family Movies, Sci-Fi & Fantasy","In this Christmas-themed special, Captain America and the Avengers battle Loki and Ymir, who plot to steal Santa Claus' powers and conquer the world."
s5883,TV Show,Atelier,,"Mirei Kiritani, Mao Daichi, Wakana Sakai, Masako Chiba, Maiko, Ken Kaito, Dori Sakurada, Nicole Ishida, Mayuko Kawakita",Japan,"December 1, 2015",2015,TV-PG,1 Season,"International TV Shows, TV Dramas","A young ""fabric geek"" lands a job at an upscale Japanese lingerie company – and quickly discovers she'll need help to survive."
s5900,Movie,Demetri Martin: Live (At the Time),Jay Karas,Demetri Martin,United States,"August 14, 2015",2015,TV-MA,62 min,Stand-Up Comedy,"Demetri Martin brings his off-kilter take on acoustic guitar, hairless cats, color schemes, and the word ""nope"" to Washington in his original special."
s5917,Movie,My Own Man,David Sampliner,David Sampliner,United States,"March 6, 2015",2015,TV-MA,82 min,Documentaries,"When a man discovers he will be the father to a boy, his fear and insecurities send him on an emotional, humorous quest for his own manhood."
s5934,TV Show,The Borgias,,"Jeremy Irons, François Arnaud, Holliday Grainger, Peter Sullivan, Sean Harris, Joanne Whalley, Lotte Verbeek, Colm Feore, Vernon Dobtcheff, David Oakes","United States, Hungary, Ireland, Canada","February 1, 2014",2013,TV-MA,3 Seasons,TV Dramas,"Follow the lives of the notorious Borgia family, a clan headed by plotting patriarch Rodrigo and his beautiful but treacherous daughter, Lucrezia."
s5951,Movie,Triumph of the Heart,Richard Michaels,"Mario Van Peebles, Susan Ruttan, Lane R. Davis, Lynn Whitfield, Adam Faraizl, Polly Holliday, Jay Pennison, John Schuhmacher",United States,"October 1, 2011",1991,TV-PG,93 min,"Dramas, Sports Movies","This drama tells the tale of Ricky Bell, a pro running back with the Tampa Bay Buccaneers who died of a muscle disease in the prime of his career."
s5968,Movie,'89,,"Lee Dixon, Ian Wright, Paul Merson",United Kingdom,"May 16, 2018",2017,TV-PG,87 min,Sports Movies,"Mixing old footage with interviews, this is the story of Arsenal's improbable win versus Liverpool in the final moments of the 1989 championship game."
s5985,TV Show,100% Hotter,,"Daniel Palmer, Melissa Sophia, Karen Williams, Grace Woodward",United Kingdom,"November 1, 2019",2017,TV-14,1 Season,"British TV Shows, International TV Shows, Reality TV","A stylist, a hair designer and a makeup artist team up to give Britain's biggest fashion disasters some much-needed makeunders."
s6002,TV Show,21 Sarfarosh: Saragarhi 1897,,"Luke Kenny, Mohit Raina, Mukul Dev",India,"December 1, 2018",2018,TV-14,1 Season,"International TV Shows, TV Dramas","In one of history's greatest last stands, a battalion of 21 Sikh soldiers fights to defend their outpost from attack by over 10,000 Afghans."
s6019,Movie,50 First Dates,Peter Segal,"Adam Sandler, Drew Barrymore, Rob Schneider, Sean Astin, Lusia Strus, Dan Aykroyd, Amy Hill, Allen Covert, Blake Clark, Maya Rudolph",United States,"December 1, 2020",2004,PG-13,99 min,"Comedies, Romantic Movies","After falling for a pretty art teacher who has no short-term memory, a marine veterinarian has to win her over again every single day."
s6036,Movie,A Flying Jatt,Remo D'Souza,"Tiger Shroff, Jacqueline Fernandez, Nathan Jones, Kay Kay Menon, Amrita Singh, Gaurav Pandey, Shraddha Kapoor, Amrita Puri",India,"November 15, 2017",2016,TV-14,142 min,"Action & Adventure, International Movies, Sci-Fi & Fantasy",A timid man gets unexpected superpowers while trying to save his family's land and a sacred tree from a ruthless tycoon.
s6053,Movie,A Perfect Man,Kees Van Oostrum,"Liev Schreiber, Jeanne Tripplehorn, Joelle Carter, Louise Fletcher, Katie Carr, Renée Soutendijk, Huub Stapel, Michael Pas",United States,"June 6, 2019",2013,R,94 min,"Dramas, Independent Movies, Romantic Movies","Nina thinks her husband, James, is cheating on her, and she sets out to prove it by calling him and pretending to be another woman."
s6070,Movie,A.X.L.,Oliver Daly,"Alex Neustaedter, Becky G., Alex MacNicoll, Dominic Rains, Thomas Jane, Lou Taylor Pucci, Patricia De Leon, Niko Guardado, Ted McGinley, Marie-Françoise Theodore, Eric Etebari, Dorian Kingi",United States,"March 20, 2019",2018,PG,99 min,"Action & Adventure, Children & Family Movies, Independent Movies","Young motocross racer Miles Hill helps a top-secret robotic combat dog evade its ruthless creator and the military, who are in hot pursuit."
s6087,Movie,Act of Valor,"Mike McCoy, Scott Waugh","Keo Woolford, Drea Castro, Emilio Rivera, Rorke Denver, Jason Cottle, Ailsa Marshall, Alex Veadov, Dave, Roselyn Sanchez, Thomas Rosales Jr., Nestor Serrano, Gonzalo Menendez",United States,"June 1, 2020",2012,R,110 min,Action & Adventure,An elite squad of Navy SEALs is tasked with rescuing a kidnapped CIA agent from a lethal terrorist cell.
s6104,Movie,Ahista Ahista,Shivam Nair,"Abhay Deol, Soha Ali Khan, Shayan Munshi, Kamini Khanna, Sohrab Ardeshir, Murad Ali, Shakeel Khan, Natasha Sinha, Brijendra Kala",India,"December 31, 2019",2006,TV-14,122 min,"Dramas, International Movies, Romantic Movies","Stood up by her groom at the altar, a young woman finds help and healing from another man – until her ex-fiancé returns, hoping to win her back."
s6121,Movie,All the Boys Love Mandy Lane,Jonathan Levine,"Anson Mount, Edwin Hodge, Michael Welch, Brooke Bloom, Amber Heard, Aaron Himelstein, Whitney Able, Luke Grimes, Melissa Price",United States,"July 3, 2018",2006,R,91 min,Horror Movies,"During a weekend excursion to a secluded ranch, an unwelcome visitor begins picking off the randy admirers of teenage temptress Mandy Lane."
s6138,TV Show,American Crime,,"Felicity Huffman, Timothy Hutton, Elvis Nolasco, Regina King, Lili Taylor, Richard Cabral, Brent Anderson, Benito Martinez, Shane Jacobsen, W. Earl Brown, Caitlin Gerard, Penelope Ann Miller, Johnny Ortiz",United States,"May 30, 2017",2017,TV-MA,3 Seasons,"Crime TV Shows, TV Dramas","This anthology series unfolds a different story arc for each season, with dramas focusing on aspects of American life and the criminal justice system."
s6155,Movie,An American Tail: The Treasures of Manhattan Island,Larry Latham,"Thomas Dekker, Dom DeLuise, Pat Musick, Nehemiah Persoff, Erica Yohn, Lacey Chabert, Elaine Bilstad, Rene Auberjonois, David Carradine, Sherman Howard, Tony Jay, Richard Karron, John Kassir, Ron Perlman",United States,"April 1, 2018",2000,G,79 min,Children & Family Movies,"When Fievel and friends go hunting for buried treasure beneath the ruins of an old subway tunnel, they stumble onto something surprising."
s6172,Movie,Ant-Man and the Wasp,Peyton Reed,"Paul Rudd, Evangeline Lilly, Michael Douglas, Michael Peña, Hannah John-Kamen, Laurence Fishburne, Michelle Pfeiffer, Walton Goggins, T.I., Judy Greer, Bobby Cannavale, David Dastmalchian, Abby Ryder Fortson, Randall Park",United States,"January 29, 2019",2018,PG-13,118 min,"Action & Adventure, Comedies, Sci-Fi & Fantasy","Problems big and small pop up when Scott Lang, aka Ant-Man, gets drafted by Dr. Hank Pym and Hope van Dyne, aka the Wasp, for an urgent rescue mission."
s6189,Movie,As Good as It Gets,James L. Brooks,"Jack Nicholson, Helen Hunt, Greg Kinnear, Cuba Gooding Jr., Skeet Ulrich, Shirley Knight, Yeardley Smith, Lupe Ontiveros",United States,"January 1, 2020",1997,PG-13,139 min,"Comedies, Romantic Movies","The structured world of a sour, obsessive-compulsive author crumbles when he's drawn into the lives of a stressed-out single mom and his gay neighbor."
s6206,Movie,Babel,Alejandro G. Iñárritu,"Brad Pitt, Cate Blanchett, Gael García Bernal, Koji Yakusho, Adriana Barraza, Rinko Kikuchi, Said Tarchani, Boubker Ait El Caid, Elle Fanning, Nathan Gamble, Mohamed Akhzam","France, United States, Mexico","January 1, 2019",2006,R,143 min,"Dramas, Independent Movies","When an American couple vacationing in Morocco falls victim to a random act of violence, a series of events unfolds across four countries."
s6223,Movie,Balto 3: Wings of Change,Phil Weinstein,"Maurice LaMarche, Sean Astin, Keith Carradine, Charles Fleischer, Jodi Benson, Bill Fagerbakke, Charity James, Kathy Najimy, David Paymer, Jean Smart",United States,"April 1, 2018",2004,G,78 min,Children & Family Movies,"A pilot challenges Balto's son Kodi and his sled team to see who can deliver the mail faster, but the dogs race to the rescue when the plane vanishes."
s6240,Movie,Barbie: A Fairy Secret,William Lau,"Diana Kaarina, Adrian Petriw, Britt Irvin, Cassandra Morris, Kate Higgins, Silvio Pollio, Brittney Wilson, Alexandra Carter, Nicole Oliver, Barbara Tyson",United States,"October 1, 2017",2010,TV-Y7,72 min,Children & Family Movies,"When devilish fairies capture Ken and fly away with him, Barbie and Raquelle travel to the glittering fairy world of Gloss Angeles to save him."
s6257,Movie,Be Here Now,Lilibet Foster,Andy Whitfield,"United States, Australia","February 28, 2017",2015,TV-MA,110 min,Documentaries,"Trace the brave journey of actor Andy Whitfield, who received a devastating cancer diagnosis while starring in the series ""Spartacus: Blood and Sand."""
s6274,Movie,"Behind ""The Cove"": The Quiet Japanese Speak Out",Keiko Yagi,,"Japan, United States","August 25, 2017",2015,TV-14,105 min,"Documentaries, International Movies","After a documentary about the Japanese whaling industry garnered international attention, an amateur filmmaker decides to tell the rest of the story."
s6291,Movie,Bewildered Bolbol,Khaled Marei,"Ahmed Helmy, Zeina, Shery Adel, Emy Samir Ghanim, Yousef Fawzy, Yasser El Tobgy, Wael Sami, Maryam Saleh",Egypt,"June 20, 2019",2010,TV-14,112 min,"Comedies, International Movies, Romantic Movies",A man suffering from amnesia can't seem to choose between the women playing tricks on him.
s6308,Movie,Big Time,Kaspar Astrup Schröder,Bjarke Ingels,Denmark,"April 1, 2018",2017,TV-MA,90 min,Documentaries,"In this documentary, architect Bjarke Ingels offers his vision for 2 World Trade Center as he aims to restore Manhattan's skyline to its former glory."
s6325,Movie,Black Man White Skin,Jose Manuel Colón,,Spain,"June 1, 2016",2015,TV-PG,79 min,"Documentaries, International Movies",This film chronicles the health and social problems that African albinos face and details the fight waged on their behalf by advocacy groups in Spain.
s6342,TV Show,Blue Planet II,,David Attenborough,United Kingdom,"December 3, 2018",2017,TV-G,1 Season,"British TV Shows, Docuseries, Science & Nature TV","This sequel to the award-winning nature series ""Blue Planet"" dives beneath Earth's oceans to reveal the dazzling vistas and amazing creatures there."
s6359,Movie,Bonnie and Clyde,Arthur Penn,"Warren Beatty, Faye Dunaway, Michael J. Pollard, Gene Hackman, Estelle Parsons, Denver Pyle, Dub Taylor, Evans Evans, Gene Wilder",United States,"January 1, 2021",1967,R,111 min,"Action & Adventure, Classic Movies, Dramas","Bonnie Parker and Clyde Barrow are young, in love and on the run during a bullet-riddled bank robbery spree across Depression-ravaged America."
s6376,Movie,Breath,Simon Baker,"Samson Coulter, Ben Spence, Simon Baker, Elizabeth Debicki, Richard Roxburgh, Rachael Blake, Jacek Koman",Australia,"December 5, 2018",2018,TV-MA,116 min,"Dramas, Sports Movies","In mid-1970s Australia, two small-town teenage boys befriend an enigmatic middle-aged surfer, who urges them to see the thrill in facing their fears."
s6393,Movie,Burning,Lee Chang-dong,"Yoo Ah-in, Steven Yeun, Jun Jong-seo, Kim Soo-kyung, Moon Sung-keun, ChoI Seung-ho","South Korea, Japan","April 29, 2019",2018,TV-MA,148 min,"Dramas, Independent Movies, International Movies",An aspiring writer goes to the airport to pick up a high school friend returning from a trip to Africa but is disheartened to see her with another man.
s6410,Movie,Camera Store,Scott Marshall Smith,"John Larroquette, John Rhys-Davies, Paul Ben-Victor, David James Elliott, Laura Silverman, Cheryl Ladd, Justin Lieberman, Maddie McCormick",United States,"August 20, 2017",2016,TV-MA,104 min,"Comedies, Dramas","With the digital revolution just around the corner, the employees of Bibideaux camera store strive to stay relevant amid unstoppable change."
s6427,TV Show,Case Closed,,"Minami Takayama, Alison Retzloff, Wakana Yamazaki, Colleen Clinkenbeard, Akira Kamiya, R. Bruce Elliott, Wataru Takagi, Chafurin, Mark Stoddard",Japan,"January 4, 2019",2015,TV-14,1 Season,"Anime Series, Crime TV Shows, TV Thrillers","Turned into a young boy by a sinister potion, teen sleuth Conan helps solve baffling crimes while tracking down the nefarious agents who poisoned him."
s6444,Movie,Change in the Air,Dianne Dreyer,"Mary Beth Hurt, Rachel Brosnahan, Aidan Quinn, Olympia Dukakis, M. Emmet Walsh, Peter Gerety, Macy Gray, Satya Bhabha",United States,"March 1, 2020",2018,PG,95 min,Dramas,"When a secretive woman breezes into a quiet town, her subdued neighbors get swept up in curiosity over her ethereal presence."
s6461,TV Show,Chewing Gum,,"Michaela Coel, John Macmillan, Robert Lonsdale, Danielle Walters, Kadiff Kirwan, Susan Wokoma, Shola Adewusi, Sarah Hoare, Abby Rakic-Platt, Maggie Steed, Olisa Odele",United Kingdom," April 4, 2017",2017,TV-MA,2 Seasons,"British TV Shows, International TV Shows, Romantic TV Shows","The virginal Tracey, who was raised in a strictly religious Tower Hamlets flat, is ready to realize her potential. And the first step is having sex."
s6478,TV Show,Christiane Amanpour: Sex & Love Around the World,,,United States,"September 30, 2018",2018,TV-MA,1 Season,Docuseries,"A contextual, acculturated dive into how adults in six, big global cities celebrate love and accentuate sex. CNN's Christiane Amanpour reports."
s6495,Movie,Class Rank,Eric Stoltz,"Olivia Holt, Skyler Gisondo, Kristin Chenoweth, Bruce Dern, Nick Krause, Kathleen Chalfant, Peter Maloney, Rod McLachlan, Hawn Tran, Danni Wang",United States,"September 18, 2018",2018,TV-MA,103 min,Comedies,"When her class rank threatens her college plans, an ambitious teen convinces a nerdy peer to run for the school board to abolish the ranking system."
s6512,Movie,Code Name: The Cleaner,Les Mayfield,"Cedric the Entertainer, Lucy Liu, Nicollette Sheridan, Mark Dacascos, Callum Keith Rennie, DeRay Davis, Niecy Nash, Will Patton",United States,"November 1, 2019",2007,PG-13,91 min,"Action & Adventure, Comedies",A mild-mannered janitor duped into believing he's an undercover agent stumbles into an international arms ring plot involving the CIA and the FBI.
s6529,Movie,Conor McGregor: Notorious,Gavin Fitzgerald,Conor McGregor,Ireland,"March 21, 2018",2017,R,90 min,"Documentaries, Sports Movies","From making ends meet to lavish rides and fur coats, the Irish MMA champion grants an all-access pass to the highs – and lows – of his ascent."
s6546,Movie,Cutie and the Boxer,Zachary Heinzerling,"Noriko Shinohara, Ushio Shinohara",United States,"June 14, 2018",2013,R,82 min,Documentaries,"A 2014 Oscar nominee for Best Documentary Feature, this film explores the symbiotic relationship of artists Ushio and Noriko Shinohara."
s6563,Movie,Dante's Peak,Roger Donaldson,"Pierce Brosnan, Linda Hamilton, Elizabeth Hoffman, Jamie Renée Smith, Jeremy Foley, Charles Hallahan, Grant Heslov, Kirk Trutner, Arabella Field, Tzi Ma",United States,"September 1, 2019",1997,PG-13,108 min,Action & Adventure,"When a volcanologist comes to investigate the recent rumblings of a dormant volcano, a massive eruption has everyone in town fighting for their lives."
s6580,Movie,Dean,Demetri Martin,"Demetri Martin, Kevin Kline, Gillian Jacobs, Rory Scovel, Ginger Gonzaga, Reid Scott, Mary Steenburgen, Briga Heelan, Christine Woods, Peter Scolari",United States,"March 15, 2020",2016,PG-13,94 min,"Comedies, Dramas, Independent Movies","As his father takes steps to move on, a New Yorker grieving his mom's death visits Los Angeles where new possibilities may bring him out of his funk."
s6597,Movie,Detention Letter,Mohamed Samy,"Mohamed Ramadan, Dina El-Sherbiny, Eyad Nassar, Sayed Rajab, Walid Fawaz, Eman El-Assy",Egypt,"August 5, 2019",2017,TV-14,99 min,"Action & Adventure, International Movies",A man begins to regret his choices when his brother decides to join him as a member of the same terrorist organization.
s6614,TV Show,Dino Hunt,,,Canada,"August 4, 2017",2016,TV-G,1 Season,"Docuseries, Science & Nature TV","Top scientists and paleontologists examine dinosaur fossils located throughout Canada, while searching for elusive new species."
s6631,Movie,Don't Knock Twice,Caradog W. James,"Katee Sackhoff, Lucy Boynton, Richard Mylan, Nick Moran, Pascale Wilson, Javier Botet, Pooneh Hajimohammadi, Sarah Buckland",United Kingdom,"February 8, 2019",2016,R,93 min,"Horror Movies, International Movies",A recovering addict becomes her estranged daughter's only hope after the teen awakens a terrifying child-stealing witch from an urban legend.
s6648,Movie,Dream Big: Engineering Our World,Greg MacGillivray,Jeff Bridges,United States,"July 1, 2018",2017,TV-G,42 min,Documentaries,"Narrated by Jeff Bridges, this compelling documentary examines some incredible achievements of engineering from across the globe."
s6665,Movie,Eat Pray Love,Ryan Murphy,"Julia Roberts, James Franco, Javier Bardem, Richard Jenkins, Viola Davis, Billy Crudup, Hadi Subiyanto, Mike O'Malley, Tuva Novotny, Luca Argentero",United States,"September 10, 2019",2010,PG-13,140 min,"Dramas, Romantic Movies","After deciding to reshape her life after divorce, Liz travels around the world in search of good food, spirituality and true love."
s6682,Movie,Elizabeth at 90: A Family Tribute,John Bridcut,,United Kingdom,"May 22, 2017",2016,TV-G,90 min,Documentaries,A blend of the royal family's intimate recollections and rarely seen home movies pays tribute to Queen Elizabeth II on the eve of her 90th birthday.
s6699,Movie,Enemy,Denis Villeneuve,"Jake Gyllenhaal, Mélanie Laurent, Sarah Gadon, Isabella Rossellini, Joshua Peace, Tim Post","Canada, Spain, France","July 15, 2018",2013,R,91 min,"Independent Movies, Thrillers","When a humdrum academic spots his double in a movie, he launches a search that leads him to a small-time actor who looks exactly like him."
s6716,Movie,Evolution,Ivan Reitman,"David Duchovny, Julianne Moore, Orlando Jones, Seann William Scott, Ted Levine, Ethan Suplee, Michael Bower, Pat Kilbane, Ty Burrell, Dan Aykroyd",United States,"November 20, 2019",2001,PG-13,102 min,"Comedies, Sci-Fi & Fantasy","After two community college geology professors discover microscopic alien life-forms on a meteorite, the military and government become involved."
s6733,TV Show,Fake or Fortune?,,"Fiona Bruce, Philip Mould, Bendor Grosvenor",United Kingdom,"July 26, 2019",2015,TV-G,1 Season,"British TV Shows, Crime TV Shows, Docuseries",Fiona Bruce and Philip Mould use investigative skills and scientific techniques to determine if paintings are real or just impressive forgeries.
s6750,Movie,Figures of Speech,Ari Levinson,Chris Pine,United States,"December 21, 2016",2016,TV-PG,92 min,Documentaries,"In this documentary, passionate high schoolers travel the country and come of age during a turbulent yearlong prep for a national speech competition."
s6767,TV Show,Fix It and Finish It,,Antonio Sabato Jr.,United States," July 20, 2018",2014,TV-G,3 Seasons,Reality TV,"A team of skilled contractors and designers hosted by Antonio Sabato Jr. renovates houses, cabins and even RVs, transforming properties in one day."
s6784,Movie,Forbidden Games: The Justin Fashanu Story,"Jon Carey, Adam Darke","Justin Fashanu, John Fashanu",United Kingdom,"December 1, 2017",2017,TV-14,81 min,"Documentaries, International Movies, LGBTQ Movies","This documentary chronicles the tragic, true story of Justin Fashanu, the first – and only – openly gay man to have played professional soccer."
s6801,Movie,Freezer's Campaign,Sameh Abdulaziz,"Bayyumi Fuad, Chico, Hesham Maged, Ahmed Fathy, Nesreen Ameen, Dareen Haddad, Bushra, Samy Maghawry",Egypt,"June 6, 2019",2016,TV-MA,116 min,"Comedies, International Movies","When climate change makes Egypt freeze over, intelligence officers pose as a film crew on location to seek a device that can eliminate the frost."
s6818,Movie,Furthest Witness,Adam Del Giudice,"Aaron Stanford, Teri Reeves, Sean Patrick Flanery, Forrest Fyre, Steven Michael Quezada, Paul Blott, Travis Hammer, Ryan Begay, Jermaine Washington, Vincent McDaniel","United States, United Kingdom","April 24, 2019",2017,TV-MA,88 min,"Dramas, Thrillers","Kyle helps people disappear, but when a crazed killer starts hunting down his latest client, he has to decide what he's willing to do to keep her safe."
s6835,TV Show,Genius of the Ancient World,,Bettany Hughes,United Kingdom,"August 1, 2017",2015,TV-PG,1 Season,"British TV Shows, Docuseries, International TV Shows","Historian Bettany Hughes travels to India, Greece and China to explore the lives and times of Buddha, Socrates and Confucius."
s6852,Movie,Ghulam-E-Musthafa,Partho Ghosh,"Nana Patekar, Raveena Tandon, Paresh Rawal, Aruna Irani, Mohan Joshi, Mohnish Bahl, Shivaji Satham, Vishwajeet Pradhan, Ashwin Kaushal, Satish Shah",India,"December 31, 2019",1997,TV-MA,161 min,"Action & Adventure, Dramas, International Movies","Giving up his life of crime for love, a gangster struggles with a moral dilemma when tragic events and enduring enemies take him back to the underworld."
s6869,TV Show,Goldie & Bear,,"Natalie Lander, Georgie Kidder",United States," October 31, 2018",2017,TV-Y,2 Seasons,Kids' TV,"Best pals Goldie and Bear, from ""Goldilocks and the Three Bears,"" join other characters from beloved stories for adventures in the Fairy Tale Forest."
s6886,TV Show,Gossip Girl,,"Blake Lively, Leighton Meester, Penn Badgley, Chace Crawford, Ed Westwick, Kelly Rutherford, Matthew Settle, Taylor Momsen, Jessica Szohr, Zuzanna Szadkowski, Connor Paolo",United States," October 8, 2013",2012,TV-14,6 Seasons,"TV Dramas, Teen TV Shows",A group of hyperprivileged Manhattan private-school kids seem to get away with everything. Except an anonymous blogger is watching their every move.
s6903,Movie,Guy Martin: Last Flight of the Vulcan Bomber,James Woodroffe,"Guy Martin, Kevin Stone, Shaun Dooley",United Kingdom,"July 26, 2019",2015,TV-G,57 min,"Documentaries, International Movies",Guy Martin assists in preparing the last airworthy Vulcan bomber for a farewell tour while revealing the stories behind the iconic aircraft.
s6920,TV Show,Happy 300 Days,,"Tammy Chen, Kingone Wang, Hsieh Kun Da, Chuang Kai-Hsun, Jenna Wang",Taiwan,"January 1, 2017",2013,TV-14,1 Season,"International TV Shows, Romantic TV Shows, TV Comedies","An unexpected pregnancy sends a woman back to her hometown to share a house with three nice guys. Each has problems, but each would make a great dad."
s6937,Movie,Haseena Maan Jaayegi,David Dhawan,"Sanjay Dutt, Govinda, Karisma Kapoor, Pooja Batra, Kader Khan, Paresh Rawal, Satish Kaushik, Aruna Irani, Anupam Kher, Ashish Vidyarthi, Aashif Sheikh, Asrani, Razak Khan, Shakti Kapoor, Bindu, Mahavir Shah, Mohan Joshi, Anil Dhawan",India,"March 1, 2018",1999,TV-PG,151 min,"Action & Adventure, Comedies, Dramas","A millionaire opens the door to comic complications when he punishes his spoiled sons for trying to make money through shady, get-rich-quick schemes."
s6954,TV Show,Helix,,"Billy Campbell, Hiroyuki Sanada, Kyra Zagorsky, Mark Ghanimé, Meegwun Fairbrother, Jordan Hayes, Neil Napier, Matt Long, Severn Thompson, Jeri Ryan, Catherine Lemieux","United States, Canada","November 10, 2018",2015,TV-MA,1 Season,"TV Horror, TV Mysteries, TV Sci-Fi & Fantasy","While investigating a possible outbreak at an Arctic research facility, scientists discover a new virus that could wipe out every human on the planet."
s6971,TV Show,Highway to Heaven,,"Michael Landon, Victor French",United States," November 1, 2016",1988,TV-PG,5 Seasons,TV Dramas,"Under God's direction, angel Jonathan and ex-cop Mark help troubled souls overcome adversity and embrace honesty, kindness and forgiveness."
s6988,Movie,Holy Man 3,Note Chern-Yim,"Krissada Sukosol, Natee Aekwijit, Yoakyake Chernyim, Der Doksadao, Note Chern-Yim, Kohtee Aramboy, Chaleumpol Tikumpornteerawong",Thailand,"July 30, 2018",2010,TV-MA,102 min,"Comedies, Faith & Spirituality, International Movies","Two new monks, one of them a former rock music star seeking inner peace, join a temple plagued by thieves who are stealing its valuable holy relics."
s7005,Movie,Hot Property,Max McGill,"MyAnna Buring, Tom Rhys Harries, Ella Smith, Sam Phillips, Kate Bracken",United Kingdom,"August 13, 2017",2016,TV-MA,82 min,"Comedies, Independent Movies","When a resourceful but flighty Londoner is threatened with eviction, she vows to do whatever it takes to defeat a greedy real estate agent."
s7022,Movie,Hulk Vs.,"Sam Liu, Frank Paur","Fred Tatasciore, Matthew Wolf, Graham McTavish, Grey DeLisle, Kari Wahlgren, Bryce Johnson, Janyse Jaud, Jay Brazeau, Jonathan Holmes, Paul Dobson, Michael Adamthwaite, French Tickner, Nicole Oliver, Qayam Devji, Steve Blum, Mark Acheson, Colin Murdock, Nolan North, Tom Kane",United States,"June 1, 2020",2009,PG-13,83 min,"Action & Adventure, Sci-Fi & Fantasy",This action-packed animated double feature pits the Hulk against two of the Marvel Universe's most powerful characters: Wolverine and Thor.
s7039,Movie,I Am Maris,Laura VanZee Taylor,Maris Degener,United States,"April 1, 2019",2018,TV-14,54 min,Documentaries,"Through her own words and art, a young woman details the healing power of yoga in her struggle with anorexia and her journey to self-acceptance."
s7056,Movie,Igor,Tony Leondis,"John Cusack, Steve Buscemi, Sean Hayes, Molly Shannon, Eddie Izzard, Jennifer Coolidge, Jay Leno","United States, France","September 1, 2019",2008,PG,87 min,Children & Family Movies,"Igor, the brilliant but deformed assistant to mad Dr. Glickenstein, dreams of winning the Evil Science Fair and the heart of village beauty Gretchen."
s7073,Movie,Indiana Jones and the Raiders of the Lost Ark,Steven Spielberg,"Harrison Ford, Karen Allen, Paul Freeman, Ronald Lacey, John Rhys-Davies, Denholm Elliott, Alfred Molina, Wolf Kahler, Anthony Higgins, Vic Tablian",United States,"January 1, 2019",1981,PG,116 min,"Action & Adventure, Children & Family Movies, Classic Movies","When Indiana Jones is hired by the government to locate the legendary Ark of the Covenant, he finds himself up against the entire Nazi regime."
s7090,Movie,Inuyasha the Movie - La spada del dominatore del mondo,Toshiya Shinohara,"Kappei Yamaguchi, Satsuki Yukino, Koji Tsujitani, Houko Kuwashima, Kumiko Watanabe, Ken Narita, Akio Otsuka, Kikuko Inoue",Japan,"September 1, 2017",2003,TV-14,99 min,"Action & Adventure, Anime Features, International Movies",The Great Dog Demon beaqueathed one of the Three Swords of the Fang to each of his two sons. Now the evil power of the third sword has been awakened.
s7107,Movie,"It's Okay, Buddy",Hani Hamdi,"Mahmood El-Laithi, Saad El Soghayar, Nermin Maher, Safinaz",Egypt,"June 6, 2019",2017,TV-14,84 min,"Comedies, International Movies, Music & Musicals",Two down-on-their-luck singers set out to marry wealthy women – but not everyone is happy to have them climb the social ladder.
s7124,TV Show,Jeopardy!,,Alex Trebek,United States,"December 18, 2020",2019,TV-G,2 Seasons,Reality TV,"Alex Trebek hosts one of TV's longest-running game shows, where a trio of players buzz in with their knowledge of history, arts, pop culture and more."
s7141,TV Show,Jonathan Strange & Mr Norrell,Toby Haynes,"Eddie Marsan, Bertie Carvel, Marc Warren, Charlotte Riley, Alice Englert, Samuel West, Enzo Cilenti, Paul Kaye, Edward Hogg, Ariyon Bakare",United Kingdom,"August 25, 2016",2015,TV-14,1 Season,"British TV Shows, TV Dramas, TV Sci-Fi & Fantasy","In 1806, ambitious magician Norrell leads a revival of practical magic in England and ignites a fierce rivalry with bold young conjurer Strange."
s7158,TV Show,Kaçak,,"Gürkan Uygun, Mustafa Avkıran, Berk Hakman, Begüm Birgören, Özlem Yılmaz, Yağmur Tanrısevsin, İnanç Konukçu, Hasan Küçükçetin, Metin Coşkun, Selda Özer, Yağız Atakan Savaş, Burak Deniz, Cengiz Sezici, Haluk Bilginer, Tuğba Melis Türk",Turkey,"December 26, 2016",2013,TV-14,1 Season,"Crime TV Shows, International TV Shows, TV Action & Adventure",A cop who killed a mobster's son and fled to a small town with a changed identity finds his quiet new life disrupted when he becomes a local hero.
s7175,Movie,Kay Dyache Bola,Chandrakant Kulkarni,"Makarand Anaspure, Akshay Pendse, Umesh Kamat, Sharvari Jamenis, Sachin Khedekar, Arun Nalawade, Mohan Agashe, Nirmiti Sawant, Sanjay Mone, Amita Khopkar, Pushkar Shrotri, Ganesh Yadav",India,"January 1, 2018",2005,TV-14,133 min,"Comedies, Dramas, International Movies","Wrongfully accused of murder, two students' last hope lies with their defense attorney, an inexperienced bumbler who's never even tried a case."
s7192,Movie,Kickboxer: Retaliation,Dimitri Logothetis,"Alain Moussi, Jean-Claude Van Damme, Mike Tyson, Christopher Lambert, Sara Malakul Lane, Hafþór Júlíus Björnsson, Sam Medina, Steven Swadling",United States,"April 26, 2018",2017,R,110 min,Action & Adventure,"Sloan's vow to never return to Thailand is cut short when he's kidnapped and taken to a Thai prison, where he's forced to fight a 400-pound brute."
s7209,Movie,King's Ransom,Jeffrey W. Byrd,"Anthony Anderson, Jay Mohr, Kellita Smith, Nicole Ari Parker, Regina Hall, Loretta Devine, Donald Faison, Leila Arcieri, Charlie Murphy, Brooke D'Orsay","United States, Canada","November 1, 2019",2005,PG-13,98 min,"Action & Adventure, Comedies","A wealthy, despicable businessman comes to the realization that he may lose half his fortune to the obnoxious wife he's trying to divorce. So, he decides to arrange his own kidnapping in order to wipe himself out and claim poverty."
s7226,Movie,Kraftidioten,Hans Petter Moland,"Stellan Skarsgård, Pål Sverre Hagen, Bruno Ganz, Hildegun Riise, Peter Andersson, Birgitte Hjort Sørensen, Jakob Oftebro, Anders Baasmo Christiansen, Jon Øigarden, Gard B. Eidsvold, Kristofer Hivju, Birgitte Hjort Sorensen, Stellan Skarsgard","Norway, Denmark, Sweden","January 5, 2017",2014,TV-MA,117 min,"Comedies, International Movies, Thrillers","When he sets out to avenge his son's murder, mild-mannered snowplow driver Nils sparks a war between a Norwegian mobster and his Serbian rival."
s7243,Movie,Kung Fu Yoga,Stanley Tong,"Jackie Chan, Disha Patani, Amyra Dastur, Sonu Sood, Aarif Rahman, Miya Muqi, Zhang Yixing, Eric Tsang","China, India, Nepal","October 6, 2017",2017,TV-PG,107 min,"Action & Adventure, Comedies, International Movies",Two mismatched archaeologists battle a team of vicious mercenaries in a race to discover an ancient Tibetan treasure of unimaginable worth.
s7260,Movie,Laal Rang,Syed Ahmad Afzal,"Randeep Hooda, Piaa Bajpai, Jaihind Kumar, Akshay Oberoi, Rajneesh Duggal, Ashutosh Kaushik, Meenakshi Dixit, Shreya Narayan, Rajendra Sethi",India,"March 1, 2018",2016,TV-14,143 min,"Dramas, International Movies, Thrillers","Eager for cash, Rajesh joins his friend Shankar's blood-theft operation. As Rajesh's greed grows and the cops close in, Shankar is poised to explode."
s7277,Movie,LeapFrog: Numberland,Ron Myrick,"Jeannie Elias, Kat Feller, Sandy Fox, Cindy Robinson, Richard Rosenblatt",United States,"April 15, 2020",2011,TV-Y,33 min,Movies,"With transport support from their magic car, Axel, the LeapFrog pets make a new friend named Max, who helps them learn counting skills in Numberland."
s7294,Movie,"Les Bleus - Une autre histoire de France, 1996-2016","Pascal Blanchard, Sonia Dauger, David Dietz",,France,"March 15, 2017",2016,TV-MA,103 min,"Documentaries, International Movies, Sports Movies","This documentary charts 20 years of the French national soccer team, Les Bleus, whose ups and downs have mirrored those of French society."
s7311,Movie,Listen Up! The Lives of Quincy Jones,Ellen Weissbrod,"Quincy Jones, Miles Davis, Ray Charles, Sheila E., Ella Fitzgerald, Flavor Flav, Aretha Franklin, Dizzy Gillespie, Lesley Gore, Herbie Hancock, Ice-T, Jesse Jackson, Michael Jackson, Frank Sinatra, Oprah Winfrey",,"November 1, 2019",1990,TV-14,116 min,"Documentaries, Music & Musicals","Steering clear of convention, this affecting documentary pays tribute to the life and work of composer, musician and producer Quincy Jones, one of the best-known and most respected men in the music industry."
s7328,Movie,Locke,Steven Knight,"Tom Hardy, Olivia Colman, Ruth Wilson, Andrew Scott, Ben Daniels, Tom Holland, Bill Milner, Danny Webb, Alice Lowe, Silas Carson","United Kingdom, United States","July 15, 2018",2013,R,85 min,"Dramas, Independent Movies","Over the space of 90 minutes, Ivan Locke's life spins out of control via a series of phone calls made while he drives down the highway to London."
s7345,Movie,Love Dot Com: The Social Experiment,Charneice Fox,"Brave Williams, Tobias Truvillion, Kym Whitley, LisaRaye McCoy, Charles Malik Whitfield, W. Ellington Felton, Christopher Williams, Angus Whinfield, Jamie Moreen, Raheem Devaughn",United States,"February 17, 2020",2019,TV-MA,98 min,"Comedies, Romantic Movies","Sparks fly and romance blooms when Shelby, a vegan chef, meets Greg, a developer – until their opposing views clash."
s7362,Movie,Lupt,Prabhuraj,"Javed Jaffrey, Vijay Raaz, Karan Aanand, Niki Walia, Meenakshi Dixit, Rishabh Chaddha, Rishina Kandhari, Kiearra Soni",India,"April 5, 2019",2018,TV-14,110 min,"Horror Movies, International Movies, Thrillers","Haunted by disturbing visions, a workaholic takes a vacation with his family, but a detour leads them to an unsettling stranger and chilling events."
s7379,Movie,Magnetic,Thierry Donard,"Tom Barrer, Liam Whaley, Wille Lindberg, Sam Favret, Fabian Bodet, Jamie Lee, Lorenzo Avvenenti, Ross Clarke-Jones",France,"June 12, 2020",2018,TV-14,110 min,"Action & Adventure, Documentaries, International Movies","Attracted to thrills across the globe, intrepid athletes venture to remote locations in pursuit of their extreme form of bliss."
s7396,Movie,Manglehorn,David Gordon Green,"Al Pacino, Holly Hunter, Harmony Korine, Chris Messina, Skylar Gasper, Brian D. Mays, Herculano Trevino, Angela Woods",United States,"April 16, 2017",2014,PG-13,97 min,"Dramas, Independent Movies",A reclusive small-town locksmith who can't stop writing letters to a lost love meets a kindly bank teller who challenges him to look to the future.
s7413,Movie,Martin Luther: The Idea that Changed the World,David Batty,Hugh Bonneville,United States,"January 1, 2018",2017,TV-PG,55 min,"Documentaries, Faith & Spirituality","This docudrama tells the dramatic story of the monk who took on the Catholic Church, tracing his life before and after the contentious ""95 Theses."""
s7430,Movie,Me and the Alien,Jesús Magaña Vázquez,"Ines De Tavira, Juan Pablo Campa, Paco de la Fuente, Juan Ugarte, Carlos Aragón, Gloria Toba, Jessy Bulbo, Tato Alexander, Fabiola Guajardo, Arturo Carmona",Mexico,"February 14, 2017",2016,TV-MA,83 min,"Comedies, Dramas, International Movies","Hoping to pump up their sound, a punk band hires Pepe, a keyboardist with Down Syndrome, but tensions erupt when he steals the show with his talent."
s7447,TV Show,Mere Papa Hero Hiralal,,"Sarwar Ahuja, Riva Arora",,"May 1, 2018",2018,TV-14,1 Season,"International TV Shows, TV Dramas","A simple auto-rickshaw driver on the streets of Lucknow, Hiralal Tiwari does everything he can to give his gravely ill daughter a happy life."
s7464,TV Show,Miss Dynamite,,"Camila Sodi, Iván Sánchez, José María de Tavira, Hugo Stiglitz, José Sefami, Mauricio Isaac, Paulina Gaitán, Mara Cuevas, Mario Zaragoza, Alejandro Durán, Emilio Savinni, Pakey Vázquez, Anilú Pardo, Claudette Maillé, Rodrigo Murray, Camila Selser, Saúl Lisazo, Eréndira Ibarra",Mexico,"May 5, 2018",2015,TV-14,1 Season,"Crime TV Shows, International TV Shows, Spanish-Language TV Shows","Wealthy, beautiful Valentina falls in love, only to realize that her man and her family are involved with one of Mexico's most powerful drug cartels."
s7481,TV Show,Momo Salon,,"Lizzy, Jung-min Park, Sang-hee Lee",South Korea,"July 1, 2017",2014,TV-14,1 Season,"International TV Shows, Korean TV Shows, Romantic TV Shows","An aspiring hair stylist opens her own salon. It turns into a mail-holding hub for busy neighbors, but she seizes the chance to promote her business."
s7498,Movie,Monster High: Great Scarrier Reef,William Lau,"Larissa Galagher, Kate Higgins, Debi Derryberry, Salli Saffioti, America Young, Evan Smith, Lyndsy Kail, Rachel Staman, Cherami Leigh, Paula Rhodes, Erin Fitzgerald",United States,"October 1, 2017",2016,TV-Y7,72 min,Children & Family Movies,"At a Monster High party, Lagoona and pals are sucked into the reef, where she'll have to come to terms with her flaws and confront an old frenemy."
s7515,Movie,Mountain,Jennifer Peedom,,Australia,"October 1, 2018",2017,PG,74 min,"Action & Adventure, Documentaries, International Movies","Featuring breathtaking imagery and thought-provoking narration, this film takes viewers to the summits of some of the world’s most amazing mountains."
s7532,Movie,My Babysitter's a Vampire: The Movie,Bruce McDonald,"Matthew Knight, Vanessa Morgan, Atticus Mitchell, Cameron Kennedy, Kate Todd, Joe Dinicol, Ella Jonas Farlinger, Ari Cohen, Laura de Carteret, Hrant Alianak",Canada,"October 17, 2018",2010,TV-PG,80 min,"Children & Family Movies, Comedies","When their parents head out for the evening, Ethan and his little sister get the babysitter of their nightmares: a fledgling vampire named Sarah."
s7549,Movie,My True Friend,Atsajun Sattakovit,"Mario Maurer, Natcha Juntapan, Monchanok Saengchaipiangpen, Nawapaiboon Wuthinanon, Kamolned Ruengsri, Sirapop Daongern, Rakchawan Maroukasonti, Poom Rungsrithananon, Patsomtat Sudprasert, Ranee Campen",Thailand,"July 25, 2018",2012,TV-MA,108 min,"Action & Adventure, Dramas, International Movies",A bullied student forms a bond with the leader of a youth gang and discovers the power and meaning of true friendship.
s7566,Movie,Natsamrat - Asa Nat Hone Nahi,Mahesh Manjrekar,"Nana Patekar, Medha Manjrekar, Mrinmayee Deshpande, Sunil Barve, Vikram Gokhale, Neha Pendse",India,"June 1, 2018",2016,TV-14,165 min,"Dramas, International Movies","A veteran Shakespearean actor steps off the stage and into the painful tragedy of old age, facing ungrateful family and his fleeting legacy."
s7583,Movie,Nibunan,Arun Vaidyanathan,"Arjun, Prasanna, Varalakshmi Sarathkumar, Sruthi Hariharan, Vaibhav Reddy, Suman, Suhasini, Krishna Sekhar",India,"May 1, 2018",2017,TV-14,124 min,"Action & Adventure, Dramas, International Movies","With numbers written on a doll as their only clue, three officers of the law track down a psychotic killer, unearthing dark secrets along the way."
s7600,Movie,NOVA: Bird Brain,,Craig Sechler,United States,"July 1, 2019",2017,TV-G,53 min,"Children & Family Movies, Documentaries",Scientists test avian aptitude and challenge concepts of intelligence with examples ranging from puzzle-solving crows to parrots with a sense of time.
s7617,Movie,NOVA: Thai Cave Rescue,Tom Stubberfield,,United States,"July 1, 2019",2018,TV-PG,53 min,Documentaries,An international team of rescue workers race to save 12 young soccer players and their coach trapped in a flooded cave in Thailand.
s7634,Movie,Oasis: Supersonic,Mat Whitecross,"Oasis, Alan McGee, Paul McGuigan, Liam Gallagher, Noel Gallagher",United Kingdom,"December 28, 2018",2016,R,122 min,"Documentaries, International Movies, Music & Musicals",This film details the rise of British rock group Oasis and the creativity and chaos that brothers Noel and Liam Gallagher brought to the iconic band.
s7651,Movie,Omar and Salma 3,Mohamed Samy,"Tamer Hosny, Mai Ezzidine, Ezzat Abou Aouf, Lamitta Frangieh",Egypt,"April 25, 2019",2012,TV-MA,97 min,"Comedies, International Movies, Romantic Movies","In this second sequel of the trilogy, marital strife brews as Omar pursues a music career despite Salma’s wishes that he opt for a more stable job."
s7668,Movie,Only God Forgives,Nicolas Winding Refn,"Ryan Gosling, Kristin Scott Thomas, Vithaya Pansringarm, Gordon Brown, Yayaying Rhatha Phongam, Tom Burke, Sahajak Boonthanakit, Pitchawat Petchayahon, Charlie Ruedpokanon, Kowit Wattanakul, Wannisa Peungpa, Narucha Chaimareung","Denmark, France, United States, Sweden","May 15, 2018",2013,R,90 min,"Cult Movies, Independent Movies, Thrillers","When a cop kills the brother of an expat American gangster who runs a Bangkok fight club, his crime-boss mother flies in to supervise revenge."
s7685,Movie,Our House,Anthony Scott Burns,"Thomas Mann, Nicola Peltz, Percy Hynes White, Kate Moyer, Carlyn Burchell, John Ralston, Christine Horne, Allison Hossack, Lucius Hoyos, Marcia Bennett","Canada, United States, Germany","June 1, 2020",2018,PG-13,90 min,"Horror Movies, Thrillers","A young man invents a device he hopes will generate wireless energy, but instead, it proves to spark sinister, supernatural activity in his home."
s7702,Movie,Panic Room,David Fincher,"Jodie Foster, Forest Whitaker, Dwight Yoakam, Jared Leto, Kristen Stewart, Ann Magnuson, Ian Buchanan, Patrick Bauchau, Paul Schulze",United States,"August 1, 2019",2002,R,112 min,Thrillers,A woman and her daughter are caught in a game of cat-and-mouse with burglars in their New York City home and are forced to retreat inside a vault.
s7719,TV Show,Pawn Stars,,"Corey Harrison, Richard Harrison, Rick Harrison, Austin ""Chumlee"" Russell",United States,"September 15, 2019",2010,TV-14,1 Season,Reality TV,"Father Richard Harrison, son Rick and grandson Corey appraise an array of strange objects brought into their Gold & Silver Pawn Shop in Las Vegas."
s7736,Movie,Philadelphia,Jonathan Demme,"Tom Hanks, Denzel Washington, Jason Robards, Mary Steenburgen, Antonio Banderas, Ron Vawter, Robert Ridgely, Charles Napier, Lisa Summerour, Obba Babatundé",United States,"July 1, 2019",1993,PG-13,126 min,"Classic Movies, Dramas, LGBTQ Movies",Philadelphia attorney Andrew Beckett launches a wrongful termination suit against his law firm when they fire him because he's gay and HIV-positive.
s7753,Movie,Playing for Time,"Daniel Mann, Joseph Sargent","Vanessa Redgrave, Jane Alexander, Maud Adams, Donna Haley, Robin Bartlett, Marisa Berenson, Will Lee, Verna Bloom, Christine Baranski, Lenore Harris",United States,"December 1, 2017",1980,TV-14,149 min,Dramas,"Captured by Nazis and sent to Auschwitz, a Jewish musician is assigned to soothe other prisoners marching to their deaths in the gas chambers."
s7770,TV Show,Power Rangers Ninja Storm,,"Pua Magasiva, Sally Martin, Glenn McMillan, Adam Tuominen, Jorgito Vargas Jr., Jason Chan, Katrina Browne, Katrina Devine, Grant McFarland, Peter Rowley, Megan Nicol, Bruce Hopkins","United States, New Zealand","January 1, 2016",2003,TV-Y7,1 Season,Kids' TV,"When the elite warriors from the Wind Ninja Academy are captured by the evil Lothor, Shane, Tori and Waldo become Wind Power Rangers to fight back."
s7787,TV Show,Power Rangers: Megaforce,,"Andrew M. Gray, Ciara Hanna, John Mark Loudermilk, Christina Masterson, Azim Rizk, Shailesh Prajapati, Ian Harcourt",United States,"January 1, 2016",2013,TV-Y7,1 Season,Kids' TV,"When Earth is threatened by a massive alien invasion, the planet's supernatural guardian calls upon five teenagers to form the ultimate defense team."
s7804,Movie,Punjab 1984,Anurag Singh,"Diljit Dosanjh, Kiron Kher, Sonam Bajwa, Pavan Malhotra, Rana Ranbir, Vishwas Kini, Manav Vij, Vansh Bhardwaj","Canada, India","November 1, 2017",2014,TV-14,158 min,"Dramas, International Movies","During a time of political turmoil, a mother goes on a journey in search of her missing son, who has been misjudged and labeled a terrorist."
s7821,Movie,Raging Bull,Martin Scorsese,"Robert De Niro, Cathy Moriarty, Joe Pesci, Frank Vincent, Nicholas Colasanto, Theresa Saldana, Mario Gallo, Frank Adonis, Joseph Bono",United States,"October 1, 2019",1980,R,129 min,"Classic Movies, Dramas, Sports Movies","This gritty biopic of brutal boxer Jake LaMotta portrays a tormented soul rising to the top of his sport, only to be undone by his demons."
s7838,Movie,Ready,Anees Bazmee,"Salman Khan, Asin, Paresh Rawal, Mahesh Manjrekar, Anuradha Patel, Manoj Pahwa, Manoj Joshi, Puneet Issar, Sharat Saxena, Akhilendra Mishra, Zarine Khan, Arya Babbar",India,"October 22, 2017",2011,TV-PG,144 min,"Comedies, International Movies, Romantic Movies","Bollywood superstar Salman Khan plays Prem, an heir to a perfume fortune who falls in love with the wrong woman in this romantic comedy."
s7855,Movie,Remember Me,Allen Coulter,"Robert Pattinson, Emilie de Ravin, Chris Cooper, Lena Olin, Pierce Brosnan, Tate Ellington, Ruby Jerins, Gregory Jbara, Meghan Markle",United States,"August 1, 2020",2010,PG-13,112 min,"Dramas, Romantic Movies","Tyler's still feeling lost following the tragedy that's strained his relationship with his father when he meets Ally, a girl who understands his pain."
s7872,Movie,Rise of the Zombie,"Devaki Singh, Luke Kenny","Luke Kenny, Kirti Kulhari, Ashwin Mushran, Benjamin Gilani",India,"December 15, 2017",2013,TV-MA,83 min,"Horror Movies, International Movies","A heartbroken wildlife photographer throws himself into his work, only to find himself experiencing strange transformations."
s7889,Movie,Romeo Ranjha,Navaniat Singh,"Jazzy B, Garry Sandhu, Monica Bedi, Parul Gulati, Rana Ranbir, Yograj Singh, Rana Jung Bahadur, Sanga Jagir","India, Canada","November 1, 2017",2014,TV-14,122 min,"Action & Adventure, Comedies, Music & Musicals","Two common boys travel from India to Thailand to find success and money, enjoying their friendship and finding ways to cheat the cheats."
s7906,Movie,Running Out Of Time,Chris Stokes,"Tasha Smith, RonReaco Lee, Telma Hopkins, Sydney Elise Johnson, Sean Dominic, Dustin Harnish, Paul Logan, Kearia Schroeder, Michael Toland, Anton Peeples",United States,"August 1, 2019",2018,TV-14,88 min,Thrillers,"Held hostage by men searching for a secret her late husband left behind, a recent widow and her family race against time to find a way out."
s7923,Movie,Sairat,Nagraj Manjule,"Rinku Rajguru, Akash Thosar, Arbaz Shaikh, Tanaji Galgunde, Suresh Vishwakarma",India,"April 1, 2018",2016,TV-14,173 min,"Dramas, International Movies, Romantic Movies","When two college students – a rich man’s daughter and a fisherman’s son – defy social edicts by falling in love, violence erupts in their village."
s7940,Movie,Sarvopari Palakkaran,Venugopan,"Anoop Menon, Alencier Ley Lopez, Balu Varghese, Aparna Balamurali, Anu Sithara, Gayathri Arun, Nandu, Chali Pala",India,"July 1, 2018",2017,TV-14,133 min,"Dramas, International Movies","In the course of a human trafficking investigation, a conservative cop crosses paths with an artist-activist in a clash of worldviews."
s7957,Movie,Scary Movie 5,Malcolm D. Lee,"Simon Rex, Ashley Tisdale, Charlie Sheen, Lindsay Lohan, Gracie Whitton, Ava Kolker, Erica Ash, Lidia Porto, Katrina Bowden, Terry Crews",United States,"August 12, 2020",2013,PG-13,88 min,"Comedies, Horror Movies","Taking aim at not only the horror genre but also films like ""Black Swan"" and ""Inception,"" ""Scary Movie 5"" widens the franchise's scope of mockery."
s7974,Movie,Secrets of Her Majesty's Secret Service,Kasia Uscinska,Samuel West,United Kingdom,"February 22, 2017",2014,TV-PG,55 min,"Documentaries, International Movies","This documentary spotlights more than 100 years of operatives and operations in the U.K.'s secret service, the world's oldest intelligence agency."
s7991,Movie,SGT. Will Gardner,Max Martini,"Max Martini, Omari Hardwick, Lily Rabe, Elisabeth Röhm, Robert Patrick, Dermot Mulroney, Gary Sinise, JoBeth Williams, Luis Bordonada, Leo Martini",United States,"May 19, 2019",2019,TV-MA,125 min,Dramas,"A homeless vet who has PTSD steals a motorcycle and hits the road, trying to sort out what life means now that war is in the rear-view mirror."
s8008,Movie,Shopkins: World Vacation,Richard Bailey,"Kate Murphy, Cassandra Morris, Erika Harlacher, Abby Trott, Brianna Plantano, Reba Buhr, Doug Erholtz, Cherami Leigh, Brianna Knickerbocker",Australia,"November 15, 2018",2017,TV-Y,71 min,Movies,"The Shopkins and Shoppies jet around the world in search of missing friend Kooky Cookie, a stolen diamond and more vloggable adventure."
s8025,Movie,Single,Raditya Dika,"Raditya Dika, Annisa Rawles, Chandra Liow, Pandji Pragiwaksono, Babe Cabita, Elvira Devinamira, Tinna Harahap, Pevita Pearce, Rinna Hassim, Dede Yusuf, Dewi Hughes",Indonesia,"September 28, 2018",2015,TV-PG,127 min,"Comedies, International Movies, Romantic Movies","Unemployed and immature, a somewhat pathetic bachelor sets his sights on finding a date for the wedding of his younger, more successful brother."
s8042,Movie,Slow West,John Maclean,"Kodi Smit-McPhee, Michael Fassbender, Ben Mendelsohn, Caren Pistorius, Rory McCann, Andrew Robertt, Edwin Wright, Kalani Queypo","United Kingdom, New Zealand","July 26, 2018",2015,R,84 min,"Action & Adventure, Dramas, International Movies","Determined to find the woman he loves, a Scottish teenager braves the Western frontier of 19th-century America, with bounty hunters hot on his trail."
s8059,TV Show,Sotus The Series,,"Sangpotirat Perawat, Ruangroj Prachaya",Thailand,"May 25, 2019",2016,TV-MA,1 Season,"International TV Shows, Romantic TV Shows, TV Dramas","When freshman engineering student Kongpob stands up to older bully Arthit, their confrontation soon leads to a deep attraction between the two boys."
s8076,Movie,Spy Kids 2: The Island of Lost Dreams,Robert Rodriguez,"Antonio Banderas, Carla Gugino, Alexa PenaVega, Daryl Sabara, Steve Buscemi, Mike Judge, Danny Trejo, Cheech Marin, Matt O'Leary, Emily Osment, Ricardo Montalban, Holland Taylor, Alan Cumming",United States,"March 8, 2019",2002,PG,100 min,"Children & Family Movies, Comedies","Spy kids Carmen and Juni Cortez team up with two other pint-size secret agents, Gary and Gerti Giggles, in order to take on an evil scientist."
s8093,Movie,Stink!,Jon J. Whelan,Jeffrey Hollender,United States,"November 1, 2018",2015,TV-PG,91 min,Documentaries,"After noting a strange odor in his child’s pajamas, a single dad’s search for the source uncovers potentially toxic secrets of the chemical industry."
s8110,TV Show,Strongland,,,,"January 18, 2019",2018,TV-PG,1 Season,"Docuseries, International TV Shows","From Spain's countryside to Scotland's stony terrain, this collection of uplifting documentaries explores the cultural roots of great strongman traditions."
s8127,Movie,Superbad,Greg Mottola,"Jonah Hill, Michael Cera, Christopher Mintz-Plasse, Bill Hader, Seth Rogen, Martha MacIsaac, Emma Stone, Aviva Baumann, Joe Lo Truglio, Kevin Corrigan",United States,"January 1, 2021",2007,R,113 min,"Comedies, Cult Movies","Hoping to have sex before college, high school seniors Seth and Evan try to score booze for a huge party, leading to a series of wild misadventures."
s8144,TV Show,Sym-Bionic Titan,,"Tara Strong, Kevin Thoms, Brian Posehn, John DiMaggio, Tim Russ, Don Leslie, Kari Wahlgren",United States,"December 15, 2019",2010,TV-PG,1 Season,Kids' TV,"Aliens fleeing their planet land on Earth, pose as teenagers and fight off mutant space monsters by joining forces to become a powerful giant robot."
s8161,Movie,Teenage Mutant Ninja Turtles: The Movie,Steve Barron,"Judith Hoag, Elias Koteas, Josh Pais, Michelan Sisti, Leif Tilden, David Forman, Michael Turney, Jay Patterson, Raymond Serra, James Saito, Kevin Clash",,"January 1, 2020",1990,PG,94 min,"Action & Adventure, Comedies","After exposure to a strange, glowing ooze, four mutant turtles train as ninjas in the sewers and fight crime wherever they find it."
s8178,Movie,The 4th Company,"Mitzi Vanessa Arreola, Amir Galvan Cervera","Adrian Ladron, Andoni Gracia, Hernán Mendoza, Gabino Rodríguez, Darío T. Pie, Manuel Ojeda","Mexico, Spain","April 6, 2018",2016,TV-MA,117 min,"Action & Adventure, Dramas, International Movies","In a violent prison in 1970s Mexico, a young inmate lands a spot on a football team that doubles as an enforcer squad for a corrupt administration."
s8195,Movie,The Apostate,Federico Veiroj,"Álvaro Ogalla, Marta Larralde, Bárbara Lennie, Vicky Peña, Juan Calot, Kaiet Rodriguez, Andrés Gertrúdix, Joaquín Climent, Álvaro Roig, Tino Martinez, Mercedes Hoyos","Spain, France, Uruguay","May 10, 2017",2015,TV-MA,80 min,"Comedies, Dramas, International Movies",A young man determined to renounce Catholicism by having his baptismal records excised is thwarted by church bureaucracy and his own inner conflicts.
s8212,Movie,The Black Room,Rolfe Kanefsky,"Natasha Henstridge, Lukas Hassel, Lin Shaye, Dominique Swain, Augie Duke, Caleb Scott, James Duval, Tiffany Shepis",United States,"August 7, 2017",2016,TV-MA,95 min,Horror Movies,A couple's new dream home morphs into a nightmare after they learn that an evil and lustful spirit resides in their basement.
s8229,Movie,The Brothers Grimm,Terry Gilliam,"Matt Damon, Heath Ledger, Monica Bellucci, Lena Headey, Peter Stormare, Jonathan Pryce, Roger Ashton-Griffiths, Richard Ridings, Mackenzie Crook, Julian Bleach, Tomás Hanák, Laura Greenwood","United States, Czech Republic, United Kingdom","July 1, 2019",2005,PG-13,119 min,"Action & Adventure, Sci-Fi & Fantasy","Brothers Jake and Will Grimm travel from village to village, posing as exterminators of magical creatures. But in reality, they're expert con artists."
s8246,Movie,The Chosen,Antonio Chavarrías,"Alfonso Herrera, Hannah Murray, Henry Goodman, Julian Sands, Frances Barber, Emilio Echevarría, Alejandro Calva, Elvira Mínguez, Roger Casamajor, Luis Rosales, Javier Godino, Alexander Holtmann, Brontis Jodorowsky","Spain, Mexico","April 14, 2017",2016,TV-14,111 min,"Dramas, International Movies, Thrillers","In 1937, Spanish revolutionary Ramón trains as a Soviet spy, impersonating a wealthy Belgian as part of a plot to assassinate Leon Trotsky in Mexico."
s8263,TV Show,The Curse of Oak Island,,Robert Clotworthy,United States,"September 15, 2019",2016,TV-PG,1 Season,"Docuseries, Science & Nature TV","On an ominous island off of Nova Scotia, two brothers chase historical theories on a quest for enigmatic treasure."
s8280,Movie,The Diabolical,Alistair Legrand,"Ali Larter, Arjun Gupta, Max Rose, Merrin Dungey, Chloe Perrin, Kurt Carley, Patrick Fischler, Wilmer Calderon, Tom Wright",United States,"August 1, 2018",2015,TV-MA,86 min,"Horror Movies, Sci-Fi & Fantasy, Thrillers","Terrorized by unexplained disturbances and horrific visions in her home, a young widowed mother turns to her scientist boyfriend for help."
s8297,Movie,The Fighter,David O. Russell,"Mark Wahlberg, Christian Bale, Amy Adams, Melissa Leo, Jack McGee, Melissa McMeekin, Bianca Hunter, Erica McDermott, Dendrie Taylor, Jill Quigg, Kate B. O'Brien, Sugar Ray Leonard",United States,"January 13, 2019",2010,R,116 min,"Dramas, Sports Movies","After a string of defeats, a boxer rediscovers his fighting will with help from his trainer and half-brother, a once-talented pugilist."
s8314,Movie,The Free Man,Toa Fraser,Jossi Wells,New Zealand,"October 1, 2017",2016,TV-PG,84 min,"Documentaries, Sports Movies",Olympic freestyle skier Jossi Wells learns the dangerous extreme sport of highlining with help from death-defying daredevils the Flying Frenchies.
s8331,Movie,The Great Battle,,"Zo In-sung, Nam Joo-hyuk, Park Sung-woong, Bae Seong-woo, Seolhyun, Jung Eun-chae, Yu Oh-seong, Sung Dong-il, Oh Dae-whan",South Korea,"April 8, 2019",2018,TV-MA,136 min,"Action & Adventure, Dramas, International Movies","In seventh-century Korea, the commander of Ansi Fortress, Yang Man-chun, combats Tang invaders in a retelling of an epic clash against all odds."
s8348,TV Show,The Homecoming,,"Se-yoon Yoo, Tyler Rasch, Guillaume Patry, Nikolai Johnsen",,"June 2, 2017",2015,TV-PG,1 Season,"International TV Shows, Korean TV Shows, Reality TV","Panelists from the Korean show ""Abnormal Summit"" lead cast mates on tours of their home countries, including China, Nepal, Italy, Canada and France."
s8365,Movie,The Intent 2: The Come Up,"Femi Oyeniran, Nicky Slimting Walker","Justin Clarke Samuel, Ashley Chin, Nicky Slimting Walker, Femi Oyeniran, Dylan Duffus, Shone Romulus, Adam Deacon, Karen Bryson, Selva Rasalingam, Jay Brown",United Kingdom,"February 21, 2019",2018,TV-MA,103 min,"Dramas, International Movies","During a trip to Jamaica, a London gang targets a disloyal member who has been meeting with rivals. Meanwhile, an undercover cop stands among them."
